/*
SQLyog Professional v12.09 (64 bit)
MySQL - 5.7.23 : Database - boot
*********************************************************************
*/

/*!40101 SET NAMES utf8 */;

/*!40101 SET SQL_MODE=''*/;

/*!40014 SET @OLD_UNIQUE_CHECKS=@@UNIQUE_CHECKS, UNIQUE_CHECKS=0 */;
/*!40014 SET @OLD_FOREIGN_KEY_CHECKS=@@FOREIGN_KEY_CHECKS, FOREIGN_KEY_CHECKS=0 */;
/*!40101 SET @OLD_SQL_MODE=@@SQL_MODE, SQL_MODE='NO_AUTO_VALUE_ON_ZERO' */;
/*!40111 SET @OLD_SQL_NOTES=@@SQL_NOTES, SQL_NOTES=0 */;
CREATE DATABASE /*!32312 IF NOT EXISTS*/`boot` /*!40100 DEFAULT CHARACTER SET utf8 */;

USE `boot`;

/*Table structure for table `快读开发boot` */

DROP TABLE IF EXISTS `快读开发boot`;

CREATE TABLE `快读开发boot` (
  `id` int(11) DEFAULT NULL
) ENGINE=InnoDB DEFAULT CHARSET=utf8 COMMENT='测试BaseServce,AjaxSetup,拦截器权限管理..顺便进行集群部署';

/*Data for the table `快读开发boot` */

/*Table structure for table `sys_job` */

DROP TABLE IF EXISTS `sys_job`;

CREATE TABLE `sys_job` (
  `id` int(11) NOT NULL AUTO_INCREMENT COMMENT 'ID',
  `target_class` varchar(128) DEFAULT NULL COMMENT '目标类',
  `job_group` varchar(64) DEFAULT NULL COMMENT '任务组',
  `job_name` varchar(64) DEFAULT NULL COMMENT '任务名称',
  `job_status` char(1) DEFAULT NULL COMMENT '状态0启动中 1停止中',
  `cron_expression` varchar(32) DEFAULT NULL COMMENT 'cron表达式',
  `description` varchar(500) DEFAULT NULL COMMENT '描述',
  PRIMARY KEY (`id`)
) ENGINE=InnoDB AUTO_INCREMENT=7 DEFAULT CHARSET=utf8 COMMENT='任务';

/*Data for the table `sys_job` */

insert  into `sys_job`(`id`,`target_class`,`job_group`,`job_name`,`job_status`,`cron_expression`,`description`) values (5,'com.codez.boot.ucommon.quartz.job.WelcomeJob','welcome','主页测试定时','1','*/7 * * * * ?','测试'),(6,'com.codez.boot.ucommon.quartz.job.WelcomeJob2','console','控制台输出job1','1','*/11 * * * * ?','下班输出');

/*Table structure for table `sys_login_log` */

DROP TABLE IF EXISTS `sys_login_log`;

CREATE TABLE `sys_login_log` (
  `id` int(11) NOT NULL AUTO_INCREMENT COMMENT 'ID',
  `username` varchar(32) DEFAULT NULL COMMENT '用户名',
  `ip` varchar(16) DEFAULT NULL COMMENT 'ip',
  `create_time` datetime DEFAULT NULL COMMENT '登录时间',
  PRIMARY KEY (`id`)
) ENGINE=InnoDB AUTO_INCREMENT=122 DEFAULT CHARSET=utf8 COMMENT='登录日志';

/*Data for the table `sys_login_log` */

insert  into `sys_login_log`(`id`,`username`,`ip`,`create_time`) values (51,'zdc','220.172.51.204','2018-11-15 17:16:15'),(52,'zdc','220.172.51.204','2018-11-15 17:23:30'),(53,'zdc','220.172.51.204','2018-11-15 17:48:10'),(54,'zdc','115.181.78.9','2018-11-15 20:35:05'),(55,'zdc','115.181.78.137','2018-11-15 20:44:55'),(56,'zdc','220.172.54.235','2018-11-16 09:15:17'),(57,'zdc','220.172.54.235','2018-11-16 10:13:41'),(58,'zdc','220.172.54.235','2018-11-16 17:16:09'),(59,'zdc','115.181.78.9','2018-11-17 10:28:55'),(60,'zdc','220.172.48.139','2018-11-19 14:23:15'),(61,'zdc','1.204.205.160','2018-11-19 14:23:24'),(62,'zdc','220.172.48.139','2018-11-19 17:16:26'),(63,'zdc','1.204.206.170','2018-11-20 09:35:13'),(64,'zdc','1.204.206.170','2018-11-20 17:39:53'),(65,'zdc','1.204.206.170','2018-11-21 10:41:46'),(66,'zdc','1.204.206.170','2018-11-21 15:02:02'),(67,'zdc','1.204.206.170','2018-11-21 15:38:47'),(68,'zdc','1.204.206.170','2018-11-21 16:48:30'),(69,'zdc','1.204.204.77','2018-11-22 14:46:30'),(70,'zdc','1.204.204.77','2018-11-23 09:29:17'),(71,'zdc','220.172.53.189','2018-11-26 09:31:18'),(72,'zdc','220.172.53.189','2018-11-26 14:19:14'),(73,'zdc','220.172.53.189','2018-11-27 10:35:39'),(74,'zdc','220.172.53.189','2018-11-27 16:21:01'),(75,'zdc','220.172.50.128','2018-11-28 09:52:52'),(76,'zdc','123.53.37.237','2018-11-28 11:52:53'),(77,'zdc','220.249.92.195','2018-11-28 11:52:53'),(78,'zdc','112.112.72.64','2018-11-28 11:53:00'),(79,'zdc','123.147.248.236','2018-11-28 11:53:05'),(80,'zdc','111.113.3.66','2018-11-28 11:53:31'),(81,'zdc','101.80.90.6','2018-11-28 11:53:34'),(82,'zdc','223.104.210.106','2018-11-28 11:53:56'),(83,'zdc','183.67.61.45','2018-11-28 11:54:28'),(84,'zdc','183.67.61.45','2018-11-28 11:54:38'),(85,'zdc','112.16.93.22','2018-11-28 11:55:42'),(86,'zdc','220.172.50.128','2018-11-28 11:55:45'),(87,'zdc','118.250.94.58','2018-11-28 11:56:30'),(88,'zdc','113.116.146.203','2018-11-28 11:56:46'),(91,'zdc','119.123.102.247','2018-11-28 12:02:02'),(92,'zdc','111.121.65.106','2018-11-28 12:03:08'),(93,'zdc','58.251.77.82','2018-11-28 12:05:23'),(94,'zdc','223.104.24.127','2018-11-28 12:15:58'),(95,'zdc','183.233.190.25','2018-11-28 12:52:48'),(96,'zdc','36.49.30.135','2018-11-28 13:08:46'),(97,'zdc','220.172.50.128','2018-11-28 13:23:23'),(98,'zdc','220.172.50.128','2018-11-28 14:04:35'),(99,'zdc','1.204.202.29','2018-11-30 11:08:14'),(100,'zdc','115.181.78.137','2018-12-01 17:21:27'),(101,'zdc','220.172.50.26','2018-12-04 11:00:31'),(102,'zdc','220.172.50.26','2018-12-04 11:03:05'),(103,'zdc','1.204.205.82','2018-12-07 09:07:49'),(104,'zdc','223.104.95.200','2018-12-07 18:16:59'),(105,'zdc','218.201.251.73','2018-12-11 14:44:23'),(106,'zdc','1.204.201.178','2018-12-11 14:44:43'),(107,'zdc','1.204.201.25','2018-12-14 10:28:01'),(108,'zdc','1.204.200.50','2018-12-17 09:51:19'),(109,'zdc','115.181.78.137','2018-12-17 22:38:46'),(110,'zdc','220.172.52.187','2018-12-18 17:33:43'),(111,'zdc','115.181.78.137','2018-12-20 22:18:03'),(112,'zdc','220.172.54.38','2018-12-24 15:24:44'),(113,'zdc','220.172.54.38','2018-12-24 16:39:44'),(114,'zdc','220.172.54.38','2018-12-25 17:33:40'),(115,'zdc','220.172.54.208','2018-12-27 11:33:34'),(116,'zdc','1.204.207.151','2018-12-28 15:49:37'),(117,'zdc','220.172.48.36','2019-01-02 09:58:49'),(118,'zdc','220.172.48.36','2019-01-02 10:02:28'),(119,'zdc','1.204.201.196','2019-01-03 09:12:33'),(120,'zdc','1.204.207.90','2019-01-08 10:05:12'),(121,'zdc','220.172.48.45','2019-01-09 14:35:24');

/*Table structure for table `sys_main_log` */

DROP TABLE IF EXISTS `sys_main_log`;

CREATE TABLE `sys_main_log` (
  `id` int(11) NOT NULL AUTO_INCREMENT COMMENT 'ID',
  `user_id` int(11) DEFAULT NULL COMMENT '用户ID',
  `username` varchar(32) DEFAULT NULL COMMENT '用户名称',
  `operation` varchar(64) DEFAULT NULL COMMENT '操作',
  `target` varchar(128) DEFAULT NULL COMMENT '访问方法',
  `params` varchar(300) DEFAULT NULL COMMENT '参数',
  `ip` varchar(16) DEFAULT NULL COMMENT '用户IP',
  `times` int(11) DEFAULT NULL COMMENT '耗时',
  `create_time` datetime DEFAULT NULL COMMENT '访问时间',
  PRIMARY KEY (`id`)
) ENGINE=InnoDB AUTO_INCREMENT=860 DEFAULT CHARSET=utf8 COMMENT='操作日志';

/*Data for the table `sys_main_log` */

insert  into `sys_main_log`(`id`,`user_id`,`username`,`operation`,`target`,`params`,`ip`,`times`,`create_time`) values (421,NULL,NULL,'用户登录','com.codez.boot.sys.controller.SysController.login','机密信息','220.172.51.204',118,'2018-11-15 17:16:13'),(422,129,'zdc','用户登录','com.codez.boot.sys.controller.SysController.login','机密信息','220.172.51.204',233,'2018-11-15 17:16:15'),(423,129,'zdc','用户登录','com.codez.boot.sys.controller.SysController.login','机密信息','220.172.51.204',104,'2018-11-15 17:23:29'),(424,129,'zdc','修改定时任务状态','com.codez.boot.ucommon.controller.JobController.changeStatus','[0, 5]','220.172.51.204',139,'2018-11-15 17:36:17'),(425,129,'zdc','修改定时任务状态','com.codez.boot.ucommon.controller.JobController.changeStatus','[0, 6]','220.172.51.204',62,'2018-11-15 17:38:45'),(426,129,'zdc','修改定时任务状态','com.codez.boot.ucommon.controller.JobController.changeStatus','[1, 5]','220.172.51.204',54,'2018-11-15 17:41:54'),(427,129,'zdc','修改定时任务状态','com.codez.boot.ucommon.controller.JobController.changeStatus','[0, 5]','220.172.51.204',61,'2018-11-15 17:42:00'),(428,129,'zdc','修改定时任务状态','com.codez.boot.ucommon.controller.JobController.changeStatus','[1, 6]','220.172.51.204',63,'2018-11-15 17:42:02'),(429,129,'zdc','修改定时任务状态','com.codez.boot.ucommon.controller.JobController.changeStatus','[0, 6]','220.172.51.204',53,'2018-11-15 17:42:16'),(430,129,'zdc','修改定时任务状态','com.codez.boot.ucommon.controller.JobController.changeStatus','[1, 6]','220.172.51.204',38,'2018-11-15 17:45:43'),(431,129,'zdc','修改定时任务状态','com.codez.boot.ucommon.controller.JobController.changeStatus','[0, 6]','220.172.51.204',58,'2018-11-15 17:46:00'),(432,129,'zdc','获取资源列表','com.codez.boot.sys.controller.ResourceController.findResourceList','[Resource [id=null, name=null, permission=null, icon=null, url=null, type=null, pid=null, remarks=null, rank=null]]','220.172.51.204',54,'2018-11-15 17:47:18'),(433,129,'zdc','保存资源','com.codez.boot.sys.controller.ResourceController.saveResource','[Resource [id=49, name=cron表达式生成, permission=null, icon=, url=http://cron.qqe2.com/, type=1, pid=29, remarks=, rank=null]]','220.172.51.204',43,'2018-11-15 17:48:01'),(434,129,'zdc','获取资源列表','com.codez.boot.sys.controller.ResourceController.findResourceList','[Resource [id=null, name=null, permission=null, icon=null, url=null, type=null, pid=null, remarks=null, rank=null]]','220.172.51.204',17,'2018-11-15 17:48:01'),(435,129,'zdc','获取角色列表','com.codez.boot.sys.controller.RoleController.findRoleList','[Role [id=null, roleName=null, roleLevel=null, resources=null, createTime=null, remarks=null, rank=null]]','220.172.51.204',24,'2018-11-15 17:48:03'),(436,129,'zdc','更新角色权限','com.codez.boot.sys.controller.RoleController.updateResources','[74, 0,25,26,15,7,8,27,28,31,18,32,33,34,35,36,13,37,38,39,40,41,42,43,9,10,44,45,11,46,47,12,16,23,24,29,30,49,48]','220.172.51.204',33,'2018-11-15 17:48:06'),(437,129,'zdc','获取角色列表','com.codez.boot.sys.controller.RoleController.findRoleList','[Role [id=null, roleName=null, roleLevel=null, resources=null, createTime=null, remarks=null, rank=null]]','220.172.51.204',7,'2018-11-15 17:48:06'),(438,129,'zdc','用户登录','com.codez.boot.sys.controller.SysController.login','机密信息','220.172.51.204',80,'2018-11-15 17:48:10'),(439,129,'zdc','修改定时任务状态','com.codez.boot.ucommon.controller.JobController.changeStatus','[1, 6]','220.172.51.204',34,'2018-11-15 17:49:21'),(440,129,'zdc','修改定时任务状态','com.codez.boot.ucommon.controller.JobController.changeStatus','[0, 6]','220.172.51.204',44,'2018-11-15 17:49:36'),(441,129,'zdc','修改定时任务状态','com.codez.boot.ucommon.controller.JobController.changeStatus','[1, 6]','220.172.51.204',36,'2018-11-15 17:52:13'),(442,129,'zdc','修改定时任务状态','com.codez.boot.ucommon.controller.JobController.changeStatus','[0, 6]','220.172.51.204',40,'2018-11-15 17:52:26'),(443,129,'zdc','修改定时任务状态','com.codez.boot.ucommon.controller.JobController.changeStatus','[1, 6]','220.172.51.204',41,'2018-11-15 17:52:58'),(444,129,'zdc','修改定时任务状态','com.codez.boot.ucommon.controller.JobController.changeStatus','[0, 6]','220.172.51.204',63,'2018-11-15 17:53:08'),(445,129,'zdc','修改定时任务状态','com.codez.boot.ucommon.controller.JobController.changeStatus','[1, 6]','220.172.51.204',51,'2018-11-15 17:55:51'),(446,129,'zdc','修改定时任务状态','com.codez.boot.ucommon.controller.JobController.changeStatus','[0, 6]','220.172.51.204',55,'2018-11-15 17:56:14'),(447,129,'zdc','修改定时任务状态','com.codez.boot.ucommon.controller.JobController.changeStatus','[0, 6]','220.172.51.204',66,'2018-11-15 17:57:35'),(448,129,'zdc','修改定时任务状态','com.codez.boot.ucommon.controller.JobController.changeStatus','[1, 6]','220.172.51.204',53,'2018-11-15 17:58:51'),(449,129,'zdc','修改定时任务状态','com.codez.boot.ucommon.controller.JobController.changeStatus','[0, 6]','220.172.51.204',52,'2018-11-15 17:59:12'),(450,129,'zdc','修改定时任务状态','com.codez.boot.ucommon.controller.JobController.changeStatus','[0, 6]','220.172.51.204',51,'2018-11-15 17:59:43'),(451,129,'zdc','修改定时任务状态','com.codez.boot.ucommon.controller.JobController.changeStatus','[0, 6]','220.172.51.204',51,'2018-11-15 18:00:51'),(452,129,'zdc','修改定时任务状态','com.codez.boot.ucommon.controller.JobController.changeStatus','[1, 6]','220.172.51.204',38,'2018-11-15 18:01:26'),(453,129,'zdc','修改定时任务状态','com.codez.boot.ucommon.controller.JobController.changeStatus','[0, 6]','220.172.51.204',54,'2018-11-15 18:01:38'),(454,129,'zdc','修改定时任务状态','com.codez.boot.ucommon.controller.JobController.changeStatus','[1, 6]','220.172.51.204',39,'2018-11-15 18:02:24'),(455,129,'zdc','修改定时任务状态','com.codez.boot.ucommon.controller.JobController.changeStatus','[0, 6]','220.172.51.204',58,'2018-11-15 18:02:38'),(456,129,'zdc','修改定时任务状态','com.codez.boot.ucommon.controller.JobController.changeStatus','[1, 6]','220.172.51.204',45,'2018-11-15 18:03:09'),(457,129,'zdc','修改定时任务状态','com.codez.boot.ucommon.controller.JobController.changeStatus','[0, 6]','220.172.51.204',45,'2018-11-15 18:03:16'),(458,129,'zdc','用户登录','com.codez.boot.sys.controller.SysController.login','机密信息','115.181.78.9',42,'2018-11-15 20:35:05'),(459,129,'zdc','用户登录','com.codez.boot.sys.controller.SysController.login','机密信息','115.181.78.137',47,'2018-11-15 20:44:55'),(460,129,'zdc','修改定时任务状态','com.codez.boot.ucommon.controller.JobController.changeStatus','[1, 6]','115.181.78.9',46,'2018-11-15 20:45:04'),(461,129,'zdc','修改定时任务状态','com.codez.boot.ucommon.controller.JobController.changeStatus','[1, 5]','115.181.78.9',51,'2018-11-15 20:45:21'),(462,129,'zdc','修改定时任务状态','com.codez.boot.ucommon.controller.JobController.changeStatus','[0, 5]','115.181.78.9',48,'2018-11-15 20:45:32'),(463,129,'zdc','修改定时任务状态','com.codez.boot.ucommon.controller.JobController.changeStatus','[1, 5]','115.181.78.9',48,'2018-11-15 20:46:07'),(464,129,'zdc','修改定时任务状态','com.codez.boot.ucommon.controller.JobController.changeStatus','[0, 5]','115.181.78.9',49,'2018-11-15 20:46:28'),(465,129,'zdc','修改定时任务状态','com.codez.boot.ucommon.controller.JobController.changeStatus','[0, 5]','115.181.78.9',52,'2018-11-15 20:47:28'),(466,129,'zdc','修改定时任务状态','com.codez.boot.ucommon.controller.JobController.changeStatus','[1, 5]','115.181.78.9',36,'2018-11-15 20:47:46'),(467,129,'zdc','修改定时任务状态','com.codez.boot.ucommon.controller.JobController.changeStatus','[0, 5]','115.181.78.9',54,'2018-11-15 20:48:20'),(468,129,'zdc','修改定时任务状态','com.codez.boot.ucommon.controller.JobController.changeStatus','[1, 5]','115.181.78.9',53,'2018-11-15 20:48:37'),(469,129,'zdc','修改定时任务状态','com.codez.boot.ucommon.controller.JobController.changeStatus','[0, 5]','115.181.78.9',57,'2018-11-15 20:48:51'),(470,129,'zdc','用户登录','com.codez.boot.sys.controller.SysController.login','机密信息','220.172.54.235',68,'2018-11-16 09:15:16'),(471,129,'zdc','用户登录','com.codez.boot.sys.controller.SysController.login','机密信息','220.172.54.235',35,'2018-11-16 10:13:41'),(472,129,'zdc','修改定时任务状态','com.codez.boot.ucommon.controller.JobController.changeStatus','[1, 5]','220.172.54.235',55,'2018-11-16 10:24:14'),(473,129,'zdc','修改定时任务状态','com.codez.boot.ucommon.controller.JobController.changeStatus','[0, 5]','220.172.54.235',54,'2018-11-16 10:26:18'),(474,129,'zdc','获取角色列表','com.codez.boot.sys.controller.RoleController.findRoleList','[Role [id=null, roleName=null, roleLevel=null, resources=null, createTime=null, remarks=null, rank=null]]','220.172.54.235',15,'2018-11-16 10:39:17'),(475,129,'zdc','获取字典列表','com.codez.boot.sys.controller.DictionaryController.findDictionaryList','[Dictionary [id=null, dname=null, dkey=null, dvalue=null, remarks=null]]','220.172.54.235',43,'2018-11-16 10:39:21'),(476,129,'zdc','获取资源列表','com.codez.boot.sys.controller.ResourceController.findResourceList','[Resource [id=null, name=null, permission=null, icon=null, url=null, type=null, pid=null, remarks=null, rank=null]]','220.172.54.235',18,'2018-11-16 10:39:21'),(477,129,'zdc','获取用户列表','com.codez.boot.sys.controller.UserController.findUserList','[User [id=null, username=null, password=null, realname=null, sex=null, type=null, enabled=null, roleId=null, createTime=null, remarks=null, rank=null]]','220.172.54.235',34,'2018-11-16 10:39:26'),(478,NULL,NULL,'用户登录','com.codez.boot.sys.controller.SysController.login','机密信息','101.227.151.57',0,'2018-11-16 15:15:36'),(479,NULL,NULL,'用户登录','com.codez.boot.sys.controller.SysController.login','机密信息','223.104.97.48',0,'2018-11-16 15:15:37'),(480,NULL,NULL,'用户登录','com.codez.boot.sys.controller.SysController.login','机密信息','101.91.62.65',0,'2018-11-16 15:16:36'),(481,129,'zdc','用户登录','com.codez.boot.sys.controller.SysController.login','机密信息','220.172.54.235',64,'2018-11-16 17:16:09'),(482,129,'zdc','获取用户列表','com.codez.boot.sys.controller.UserController.findUserList','[User [id=null, username=null, password=null, realname=null, sex=null, type=null, enabled=null, roleId=null, createTime=null, remarks=null, rank=null]]','220.172.54.235',7,'2018-11-16 17:47:39'),(483,129,'zdc','获取角色列表','com.codez.boot.sys.controller.RoleController.findRoleList','[Role [id=null, roleName=null, roleLevel=null, resources=null, createTime=null, remarks=null, rank=null]]','220.172.54.235',5,'2018-11-16 17:47:42'),(484,129,'zdc','获取角色列表','com.codez.boot.sys.controller.RoleController.findRoleList','[Role [id=null, roleName=null, roleLevel=null, resources=null, createTime=null, remarks=null, rank=null]]','220.172.54.235',9,'2018-11-16 17:50:28'),(485,129,'zdc','获取字典列表','com.codez.boot.sys.controller.DictionaryController.findDictionaryList','[Dictionary [id=null, dname=null, dkey=null, dvalue=null, remarks=null]]','220.172.54.235',5,'2018-11-16 17:53:43'),(486,129,'zdc','获取角色列表','com.codez.boot.sys.controller.RoleController.findRoleList','[Role [id=null, roleName=null, roleLevel=null, resources=null, createTime=null, remarks=null, rank=null]]','220.172.54.235',5,'2018-11-16 17:53:43'),(487,129,'zdc','用户登录','com.codez.boot.sys.controller.SysController.login','机密信息','115.181.78.9',119,'2018-11-17 10:28:55'),(488,NULL,NULL,'用户登录','com.codez.boot.sys.controller.SysController.login','机密信息','61.129.6.225',0,'2018-11-17 10:52:06'),(489,129,'zdc','用户登录','com.codez.boot.sys.controller.SysController.login','机密信息','220.172.48.139',125,'2018-11-19 14:23:15'),(490,NULL,NULL,'用户登录','com.codez.boot.sys.controller.SysController.login','机密信息','1.204.205.160',29,'2018-11-19 14:23:22'),(491,129,'zdc','用户登录','com.codez.boot.sys.controller.SysController.login','机密信息','1.204.205.160',39,'2018-11-19 14:23:24'),(492,129,'zdc','修改定时任务状态','com.codez.boot.ucommon.controller.JobController.changeStatus','[1, 5]','1.204.205.160',47,'2018-11-19 14:23:41'),(493,129,'zdc','修改定时任务状态','com.codez.boot.ucommon.controller.JobController.changeStatus','[0, 5]','220.172.48.139',48,'2018-11-19 14:25:45'),(494,129,'zdc','获取用户列表','com.codez.boot.sys.controller.UserController.findUserList','[User [id=null, username=null, password=null, realname=null, sex=null, type=null, enabled=null, roleId=null, createTime=null, remarks=null, rank=null]]','220.172.48.139',8,'2018-11-19 14:27:39'),(495,129,'zdc','获取角色列表','com.codez.boot.sys.controller.RoleController.findRoleList','[Role [id=null, roleName=null, roleLevel=null, resources=null, createTime=null, remarks=null, rank=null]]','220.172.48.139',8,'2018-11-19 14:27:41'),(496,129,'zdc','获取资源列表','com.codez.boot.sys.controller.ResourceController.findResourceList','[Resource [id=null, name=null, permission=null, icon=null, url=null, type=null, pid=null, remarks=null, rank=null]]','220.172.48.139',4,'2018-11-19 14:27:41'),(497,129,'zdc','获取字典列表','com.codez.boot.sys.controller.DictionaryController.findDictionaryList','[Dictionary [id=null, dname=null, dkey=null, dvalue=null, remarks=null]]','220.172.48.139',6,'2018-11-19 14:27:45'),(498,129,'zdc','获取角色列表','com.codez.boot.sys.controller.RoleController.findRoleList','[Role [id=null, roleName=null, roleLevel=null, resources=null, createTime=null, remarks=null, rank=null]]','220.172.48.139',20,'2018-11-19 14:28:10'),(499,129,'zdc','获取角色列表','com.codez.boot.sys.controller.RoleController.findRoleList','[Role [id=null, roleName=null, roleLevel=null, resources=null, createTime=null, remarks=null, rank=null]]','220.172.48.139',3,'2018-11-19 14:28:10'),(500,129,'zdc','获取角色列表','com.codez.boot.sys.controller.RoleController.findRoleList','[Role [id=null, roleName=null, roleLevel=null, resources=null, createTime=null, remarks=null, rank=null]]','220.172.48.139',25,'2018-11-19 14:28:11'),(501,129,'zdc','获取角色列表','com.codez.boot.sys.controller.RoleController.findRoleList','[Role [id=null, roleName=null, roleLevel=null, resources=null, createTime=null, remarks=null, rank=null]]','220.172.48.139',17,'2018-11-19 14:28:11'),(502,129,'zdc','获取角色列表','com.codez.boot.sys.controller.RoleController.findRoleList','[Role [id=null, roleName=null, roleLevel=null, resources=null, createTime=null, remarks=null, rank=null]]','220.172.48.139',6,'2018-11-19 14:28:12'),(503,129,'zdc','获取角色列表','com.codez.boot.sys.controller.RoleController.findRoleList','[Role [id=null, roleName=null, roleLevel=null, resources=null, createTime=null, remarks=null, rank=null]]','1.204.205.160',8,'2018-11-19 14:28:12'),(504,129,'zdc','用户登录','com.codez.boot.sys.controller.SysController.login','机密信息','220.172.48.139',48,'2018-11-19 17:16:26'),(505,129,'zdc','获取用户列表','com.codez.boot.sys.controller.UserController.findUserList','[User [id=null, username=null, password=null, realname=null, sex=null, type=null, enabled=null, roleId=null, createTime=null, remarks=null, rank=null]]','220.172.48.139',5,'2018-11-19 17:16:43'),(506,129,'zdc','获取资源列表','com.codez.boot.sys.controller.ResourceController.findResourceList','[Resource [id=null, name=null, permission=null, icon=null, url=null, type=null, pid=null, remarks=null, rank=null]]','220.172.48.139',11,'2018-11-19 17:18:14'),(507,129,'zdc','获取字典列表','com.codez.boot.sys.controller.DictionaryController.findDictionaryList','[Dictionary [id=null, dname=null, dkey=null, dvalue=null, remarks=null]]','220.172.48.139',9,'2018-11-19 17:18:49'),(508,129,'zdc','用户登录','com.codez.boot.sys.controller.SysController.login','机密信息','1.204.206.170',85,'2018-11-20 09:35:13'),(509,129,'zdc','用户登录','com.codez.boot.sys.controller.SysController.login','机密信息','1.204.206.170',47,'2018-11-20 17:39:53'),(510,129,'zdc','获取用户列表','com.codez.boot.sys.controller.UserController.findUserList','[User [id=null, username=null, password=null, realname=null, sex=null, type=null, enabled=null, roleId=null, createTime=null, remarks=null, rank=null]]','1.204.206.170',9,'2018-11-20 17:39:55'),(511,129,'zdc','获取角色列表','com.codez.boot.sys.controller.RoleController.findRoleList','[Role [id=null, roleName=null, roleLevel=null, resources=null, createTime=null, remarks=null, rank=null]]','1.204.206.170',14,'2018-11-20 17:39:56'),(512,129,'zdc','获取字典列表','com.codez.boot.sys.controller.DictionaryController.findDictionaryList','[Dictionary [id=null, dname=null, dkey=null, dvalue=null, remarks=null]]','1.204.206.170',25,'2018-11-20 17:40:11'),(513,129,'zdc','获取字典列表','com.codez.boot.sys.controller.DictionaryController.findDictionaryList','[Dictionary [id=null, dname=null, dkey=null, dvalue=null, remarks=null]]','1.204.206.170',5,'2018-11-20 17:40:20'),(514,129,'zdc','获取字典列表','com.codez.boot.sys.controller.DictionaryController.findDictionaryList','[Dictionary [id=null, dname=null, dkey=null, dvalue=null, remarks=null]]','1.204.206.170',4,'2018-11-20 17:40:22'),(515,129,'zdc','获取资源列表','com.codez.boot.sys.controller.ResourceController.findResourceList','[Resource [id=null, name=null, permission=null, icon=null, url=null, type=null, pid=null, remarks=null, rank=null]]','1.204.206.170',4,'2018-11-20 17:40:23'),(516,129,'zdc','用户登录','com.codez.boot.sys.controller.SysController.login','机密信息','1.204.206.170',83,'2018-11-21 10:41:46'),(517,129,'zdc','用户登录','com.codez.boot.sys.controller.SysController.login','机密信息','1.204.206.170',84,'2018-11-21 15:02:01'),(518,129,'zdc','获取用户列表','com.codez.boot.sys.controller.UserController.findUserList','[User [id=null, username=null, password=null, realname=null, sex=null, type=null, enabled=null, roleId=null, createTime=null, remarks=null, rank=null]]','1.204.206.170',16,'2018-11-21 15:02:05'),(519,129,'zdc','获取角色列表','com.codez.boot.sys.controller.RoleController.findRoleList','[Role [id=null, roleName=null, roleLevel=null, resources=null, createTime=null, remarks=null, rank=null]]','1.204.206.170',2,'2018-11-21 15:02:06'),(520,129,'zdc','获取资源列表','com.codez.boot.sys.controller.ResourceController.findResourceList','[Resource [id=null, name=null, permission=null, icon=null, url=null, type=null, pid=null, remarks=null, rank=null]]','1.204.206.170',16,'2018-11-21 15:02:08'),(521,129,'zdc','获取字典列表','com.codez.boot.sys.controller.DictionaryController.findDictionaryList','[Dictionary [id=null, dname=null, dkey=null, dvalue=null, remarks=null]]','1.204.206.170',3,'2018-11-21 15:02:09'),(522,129,'zdc','获取角色列表','com.codez.boot.sys.controller.RoleController.findRoleList','[Role [id=null, roleName=null, roleLevel=null, resources=null, createTime=null, remarks=null, rank=null]]','1.204.206.170',3,'2018-11-21 15:02:36'),(523,129,'zdc','获取角色列表','com.codez.boot.sys.controller.RoleController.findRoleList','[Role [id=null, roleName=null, roleLevel=null, resources=null, createTime=null, remarks=null, rank=null]]','1.204.206.170',10,'2018-11-21 15:24:56'),(524,129,'zdc','获取用户列表','com.codez.boot.sys.controller.UserController.findUserList','[User [id=null, username=null, password=null, realname=null, sex=null, type=null, enabled=null, roleId=null, createTime=null, remarks=null, rank=null]]','1.204.206.170',9,'2018-11-21 15:38:27'),(525,129,'zdc','用户登录','com.codez.boot.sys.controller.SysController.login','机密信息','1.204.206.170',45,'2018-11-21 15:38:46'),(526,129,'zdc','获取用户列表','com.codez.boot.sys.controller.UserController.findUserList','[User [id=null, username=null, password=null, realname=null, sex=null, type=null, enabled=null, roleId=null, createTime=null, remarks=null, rank=null]]','1.204.206.170',7,'2018-11-21 15:38:50'),(527,129,'zdc','获取角色列表','com.codez.boot.sys.controller.RoleController.findRoleList','[Role [id=null, roleName=null, roleLevel=null, resources=null, createTime=null, remarks=null, rank=null]]','1.204.206.170',3,'2018-11-21 15:38:50'),(528,129,'zdc','获取资源列表','com.codez.boot.sys.controller.ResourceController.findResourceList','[Resource [id=null, name=null, permission=null, icon=null, url=null, type=null, pid=null, remarks=null, rank=null]]','1.204.206.170',9,'2018-11-21 15:38:51'),(529,129,'zdc','获取字典列表','com.codez.boot.sys.controller.DictionaryController.findDictionaryList','[Dictionary [id=null, dname=null, dkey=null, dvalue=null, remarks=null]]','1.204.206.170',5,'2018-11-21 15:38:54'),(530,129,'zdc','用户登录','com.codez.boot.sys.controller.SysController.login','机密信息','1.204.206.170',38,'2018-11-21 16:48:30'),(531,129,'zdc','获取用户列表','com.codez.boot.sys.controller.UserController.findUserList','[User [id=null, username=null, password=null, realname=null, sex=null, type=null, enabled=null, roleId=null, createTime=null, remarks=null, rank=null]]','1.204.206.170',5,'2018-11-21 16:49:34'),(532,129,'zdc','获取角色列表','com.codez.boot.sys.controller.RoleController.findRoleList','[Role [id=null, roleName=null, roleLevel=null, resources=null, createTime=null, remarks=null, rank=null]]','1.204.206.170',4,'2018-11-21 16:49:35'),(533,NULL,NULL,'用户登录','com.codez.boot.sys.controller.SysController.login','机密信息','1.204.204.77',42,'2018-11-22 14:46:27'),(534,129,'zdc','用户登录','com.codez.boot.sys.controller.SysController.login','机密信息','1.204.204.77',36,'2018-11-22 14:46:30'),(535,129,'zdc','获取用户列表','com.codez.boot.sys.controller.UserController.findUserList','[User [id=null, username=null, password=null, realname=null, sex=null, type=null, enabled=null, roleId=null, createTime=null, remarks=null, rank=null]]','1.204.204.77',14,'2018-11-22 14:46:36'),(536,129,'zdc','获取角色列表','com.codez.boot.sys.controller.RoleController.findRoleList','[Role [id=null, roleName=null, roleLevel=null, resources=null, createTime=null, remarks=null, rank=null]]','1.204.204.77',3,'2018-11-22 14:46:37'),(537,129,'zdc','获取资源列表','com.codez.boot.sys.controller.ResourceController.findResourceList','[Resource [id=null, name=null, permission=null, icon=null, url=null, type=null, pid=null, remarks=null, rank=null]]','1.204.204.77',15,'2018-11-22 14:47:13'),(538,129,'zdc','获取资源列表','com.codez.boot.sys.controller.ResourceController.findResourceList','[Resource [id=null, name=null, permission=null, icon=null, url=null, type=null, pid=null, remarks=null, rank=null]]','1.204.204.77',17,'2018-11-22 14:48:33'),(539,129,'zdc','获取用户列表','com.codez.boot.sys.controller.UserController.findUserList','[User [id=null, username=null, password=null, realname=null, sex=null, type=null, enabled=null, roleId=null, createTime=null, remarks=null, rank=null]]','1.204.204.77',19,'2018-11-22 14:49:53'),(540,129,'zdc','删除用户','com.codez.boot.sys.controller.UserController.delUser','[[132]]','1.204.204.77',170,'2018-11-22 14:50:01'),(541,129,'zdc','获取用户列表','com.codez.boot.sys.controller.UserController.findUserList','[User [id=null, username=null, password=null, realname=null, sex=null, type=null, enabled=null, roleId=null, createTime=null, remarks=null, rank=null]]','1.204.204.77',5,'2018-11-22 14:50:01'),(542,129,'zdc','获取角色列表','com.codez.boot.sys.controller.RoleController.findRoleList','[Role [id=null, roleName=null, roleLevel=null, resources=null, createTime=null, remarks=null, rank=null]]','1.204.204.77',15,'2018-11-22 14:50:09'),(543,129,'zdc','获取角色列表','com.codez.boot.sys.controller.RoleController.findRoleList','[Role [id=null, roleName=null, roleLevel=null, resources=null, createTime=null, remarks=null, rank=null]]','1.204.204.77',3,'2018-11-22 14:50:10'),(544,129,'zdc','获取角色列表','com.codez.boot.sys.controller.RoleController.findRoleList','[Role [id=null, roleName=null, roleLevel=null, resources=null, createTime=null, remarks=null, rank=null]]','1.204.204.77',3,'2018-11-22 14:50:10'),(545,129,'zdc','获取角色列表','com.codez.boot.sys.controller.RoleController.findRoleList','[Role [id=null, roleName=null, roleLevel=null, resources=null, createTime=null, remarks=null, rank=null]]','1.204.204.77',14,'2018-11-22 14:50:11'),(546,129,'zdc','获取角色列表','com.codez.boot.sys.controller.RoleController.findRoleList','[Role [id=null, roleName=null, roleLevel=null, resources=null, createTime=null, remarks=null, rank=null]]','1.204.204.77',13,'2018-11-22 14:50:11'),(547,129,'zdc','获取角色列表','com.codez.boot.sys.controller.RoleController.findRoleList','[Role [id=null, roleName=null, roleLevel=null, resources=null, createTime=null, remarks=null, rank=null]]','1.204.204.77',20,'2018-11-22 14:50:11'),(548,129,'zdc','获取角色列表','com.codez.boot.sys.controller.RoleController.findRoleList','[Role [id=null, roleName=null, roleLevel=null, resources=null, createTime=null, remarks=null, rank=null]]','1.204.204.77',17,'2018-11-22 14:50:11'),(549,129,'zdc','获取角色列表','com.codez.boot.sys.controller.RoleController.findRoleList','[Role [id=null, roleName=null, roleLevel=null, resources=null, createTime=null, remarks=null, rank=null]]','1.204.204.77',21,'2018-11-22 14:50:12'),(550,129,'zdc','获取角色列表','com.codez.boot.sys.controller.RoleController.findRoleList','[Role [id=null, roleName=null, roleLevel=null, resources=null, createTime=null, remarks=null, rank=null]]','1.204.204.77',15,'2018-11-22 14:50:12'),(551,129,'zdc','获取角色列表','com.codez.boot.sys.controller.RoleController.findRoleList','[Role [id=null, roleName=null, roleLevel=null, resources=null, createTime=null, remarks=null, rank=null]]','1.204.204.77',19,'2018-11-22 14:50:13'),(552,129,'zdc','获取角色列表','com.codez.boot.sys.controller.RoleController.findRoleList','[Role [id=null, roleName=null, roleLevel=null, resources=null, createTime=null, remarks=null, rank=null]]','1.204.204.77',21,'2018-11-22 14:50:13'),(553,129,'zdc','获取角色列表','com.codez.boot.sys.controller.RoleController.findRoleList','[Role [id=null, roleName=null, roleLevel=null, resources=null, createTime=null, remarks=null, rank=null]]','1.204.204.77',15,'2018-11-22 14:50:13'),(554,129,'zdc','获取角色列表','com.codez.boot.sys.controller.RoleController.findRoleList','[Role [id=null, roleName=null, roleLevel=null, resources=null, createTime=null, remarks=null, rank=null]]','1.204.204.77',15,'2018-11-22 14:50:13'),(555,129,'zdc','获取角色列表','com.codez.boot.sys.controller.RoleController.findRoleList','[Role [id=null, roleName=null, roleLevel=null, resources=null, createTime=null, remarks=null, rank=null]]','1.204.204.77',16,'2018-11-22 14:50:14'),(556,129,'zdc','获取角色列表','com.codez.boot.sys.controller.RoleController.findRoleList','[Role [id=null, roleName=null, roleLevel=null, resources=null, createTime=null, remarks=null, rank=null]]','1.204.204.77',14,'2018-11-22 14:50:14'),(557,129,'zdc','用户登录','com.codez.boot.sys.controller.SysController.login','机密信息','1.204.204.77',78,'2018-11-23 09:29:16'),(558,129,'zdc','获取用户列表','com.codez.boot.sys.controller.UserController.findUserList','[User [id=null, username=null, password=null, realname=null, sex=null, type=null, enabled=null, roleId=null, createTime=null, remarks=null, rank=null]]','1.204.204.77',4,'2018-11-23 09:29:18'),(559,129,'zdc','获取角色列表','com.codez.boot.sys.controller.RoleController.findRoleList','[Role [id=null, roleName=null, roleLevel=null, resources=null, createTime=null, remarks=null, rank=null]]','1.204.204.77',5,'2018-11-23 09:30:58'),(560,129,'zdc','获取资源列表','com.codez.boot.sys.controller.ResourceController.findResourceList','[Resource [id=null, name=null, permission=null, icon=null, url=null, type=null, pid=null, remarks=null, rank=null]]','1.204.204.77',15,'2018-11-23 09:31:00'),(561,129,'zdc','用户登录','com.codez.boot.sys.controller.SysController.login','机密信息','220.172.53.189',195,'2018-11-26 09:31:17'),(562,129,'zdc','获取用户列表','com.codez.boot.sys.controller.UserController.findUserList','[User [id=null, username=null, password=null, realname=null, sex=null, type=null, enabled=null, roleId=null, createTime=null, remarks=null, rank=null]]','220.172.53.189',52,'2018-11-26 09:31:20'),(563,129,'zdc','获取角色列表','com.codez.boot.sys.controller.RoleController.findRoleList','[Role [id=null, roleName=null, roleLevel=null, resources=null, createTime=null, remarks=null, rank=null]]','220.172.53.189',35,'2018-11-26 09:31:20'),(564,129,'zdc','用户登录','com.codez.boot.sys.controller.SysController.login','机密信息','220.172.53.189',70,'2018-11-26 14:19:14'),(565,129,'zdc','获取角色列表','com.codez.boot.sys.controller.RoleController.findRoleList','[Role [id=null, roleName=null, roleLevel=null, resources=null, createTime=null, remarks=null, rank=null]]','220.172.53.189',18,'2018-11-26 14:19:19'),(566,129,'zdc','用户登录','com.codez.boot.sys.controller.SysController.login','机密信息','220.172.53.189',325,'2018-11-27 10:35:39'),(567,129,'zdc','获取用户列表','com.codez.boot.sys.controller.UserController.findUserList','[User [id=null, username=null, password=null, realname=null, sex=null, type=null, enabled=null, roleId=null, createTime=null, remarks=null, rank=null]]','220.172.53.189',29,'2018-11-27 10:35:42'),(568,129,'zdc','获取角色列表','com.codez.boot.sys.controller.RoleController.findRoleList','[Role [id=null, roleName=null, roleLevel=null, resources=null, createTime=null, remarks=null, rank=null]]','220.172.53.189',22,'2018-11-27 10:35:42'),(569,129,'zdc','获取资源列表','com.codez.boot.sys.controller.ResourceController.findResourceList','[Resource [id=null, name=null, permission=null, icon=null, url=null, type=null, pid=null, remarks=null, rank=null]]','220.172.53.189',175,'2018-11-27 10:35:55'),(570,129,'zdc','修改定时任务状态','com.codez.boot.ucommon.controller.JobController.changeStatus','[0, 6]','220.172.53.189',98,'2018-11-27 10:36:49'),(571,129,'zdc','修改定时任务状态','com.codez.boot.ucommon.controller.JobController.changeStatus','[1, 6]','220.172.53.189',95,'2018-11-27 10:37:38'),(572,129,'zdc','修改定时任务状态','com.codez.boot.ucommon.controller.JobController.changeStatus','[0, 6]','220.172.53.189',47,'2018-11-27 10:37:54'),(573,129,'zdc','修改定时任务状态','com.codez.boot.ucommon.controller.JobController.changeStatus','[1, 6]','220.172.53.189',56,'2018-11-27 10:38:46'),(574,129,'zdc','用户登录','com.codez.boot.sys.controller.SysController.login','机密信息','220.172.53.189',60,'2018-11-27 16:21:01'),(575,129,'zdc','获取用户列表','com.codez.boot.sys.controller.UserController.findUserList','[User [id=null, username=null, password=null, realname=null, sex=null, type=null, enabled=null, roleId=null, createTime=null, remarks=null, rank=null]]','220.172.53.189',10,'2018-11-27 16:22:24'),(576,129,'zdc','获取角色列表','com.codez.boot.sys.controller.RoleController.findRoleList','[Role [id=null, roleName=null, roleLevel=null, resources=null, createTime=null, remarks=null, rank=null]]','220.172.53.189',26,'2018-11-27 16:22:32'),(577,129,'zdc','获取资源列表','com.codez.boot.sys.controller.ResourceController.findResourceList','[Resource [id=null, name=null, permission=null, icon=null, url=null, type=null, pid=null, remarks=null, rank=null]]','220.172.53.189',20,'2018-11-27 16:22:33'),(578,129,'zdc','获取用户列表','com.codez.boot.sys.controller.UserController.findUserList','[User [id=null, username=null, password=null, realname=null, sex=null, type=null, enabled=null, roleId=null, createTime=null, remarks=null, rank=null]]','220.172.53.189',21,'2018-11-27 16:54:15'),(579,NULL,NULL,'用户登录','com.codez.boot.sys.controller.SysController.login','机密信息','220.172.50.128',95,'2018-11-28 09:52:45'),(580,129,'zdc','用户登录','com.codez.boot.sys.controller.SysController.login','机密信息','220.172.50.128',67,'2018-11-28 09:52:52'),(581,129,'zdc','获取用户列表','com.codez.boot.sys.controller.UserController.findUserList','[User [id=null, username=null, password=null, realname=null, sex=null, type=null, enabled=null, roleId=null, createTime=null, remarks=null, rank=null]]','220.172.50.128',30,'2018-11-28 10:01:36'),(582,129,'zdc','获取用户列表','com.codez.boot.sys.controller.UserController.findUserList','[User [id=null, username=null, password=null, realname=null, sex=null, type=null, enabled=null, roleId=null, createTime=null, remarks=null, rank=null]]','220.172.50.128',18,'2018-11-28 10:01:42'),(583,129,'zdc','获取用户列表','com.codez.boot.sys.controller.UserController.findUserList','[User [id=null, username=null, password=null, realname=null, sex=null, type=null, enabled=null, roleId=null, createTime=null, remarks=null, rank=null]]','220.172.50.128',26,'2018-11-28 10:02:45'),(584,129,'zdc','获取用户列表','com.codez.boot.sys.controller.UserController.findUserList','[User [id=null, username=null, password=null, realname=null, sex=null, type=null, enabled=null, roleId=null, createTime=null, remarks=null, rank=null]]','220.172.50.128',24,'2018-11-28 10:03:35'),(585,129,'zdc','获取用户列表','com.codez.boot.sys.controller.UserController.findUserList','[User [id=null, username=null, password=null, realname=null, sex=null, type=null, enabled=null, roleId=null, createTime=null, remarks=null, rank=null]]','220.172.50.128',22,'2018-11-28 10:03:46'),(586,129,'zdc','获取用户列表','com.codez.boot.sys.controller.UserController.findUserList','[User [id=null, username=null, password=null, realname=null, sex=null, type=null, enabled=null, roleId=null, createTime=null, remarks=null, rank=null]]','220.172.50.128',17,'2018-11-28 10:03:47'),(587,129,'zdc','获取用户列表','com.codez.boot.sys.controller.UserController.findUserList','[User [id=null, username=null, password=null, realname=null, sex=null, type=null, enabled=null, roleId=null, createTime=null, remarks=null, rank=null]]','220.172.50.128',12,'2018-11-28 10:03:48'),(588,129,'zdc','获取用户列表','com.codez.boot.sys.controller.UserController.findUserList','[User [id=null, username=null, password=null, realname=null, sex=null, type=null, enabled=null, roleId=null, createTime=null, remarks=null, rank=null]]','220.172.50.128',23,'2018-11-28 10:03:50'),(589,129,'zdc','获取用户列表','com.codez.boot.sys.controller.UserController.findUserList','[User [id=null, username=null, password=null, realname=null, sex=null, type=null, enabled=null, roleId=null, createTime=null, remarks=null, rank=null]]','220.172.50.128',16,'2018-11-28 10:03:50'),(590,NULL,NULL,'用户登录','com.codez.boot.sys.controller.SysController.login','机密信息','220.249.92.195',26,'2018-11-28 11:52:29'),(591,NULL,NULL,'用户登录','com.codez.boot.sys.controller.SysController.login','机密信息','123.53.37.237',22,'2018-11-28 11:52:40'),(592,129,'zdc','用户登录','com.codez.boot.sys.controller.SysController.login','机密信息','123.53.37.237',45,'2018-11-28 11:52:53'),(593,129,'zdc','用户登录','com.codez.boot.sys.controller.SysController.login','机密信息','220.249.92.195',23,'2018-11-28 11:52:53'),(594,129,'zdc','获取资源列表','com.codez.boot.sys.controller.ResourceController.findResourceList','[Resource [id=null, name=null, permission=null, icon=null, url=null, type=null, pid=null, remarks=null, rank=null]]','220.249.92.195',5,'2018-11-28 11:52:59'),(595,129,'zdc','用户登录','com.codez.boot.sys.controller.SysController.login','机密信息','112.112.72.64',39,'2018-11-28 11:53:00'),(596,129,'zdc','用户登录','com.codez.boot.sys.controller.SysController.login','机密信息','123.147.248.236',40,'2018-11-28 11:53:05'),(597,NULL,NULL,'用户登录','com.codez.boot.sys.controller.SysController.login','机密信息','163.177.90.152',1,'2018-11-28 11:53:06'),(598,129,'zdc','获取用户列表','com.codez.boot.sys.controller.UserController.findUserList','[User [id=null, username=null, password=null, realname=null, sex=null, type=null, enabled=null, roleId=null, createTime=null, remarks=null, rank=null]]','123.53.37.237',46,'2018-11-28 11:53:08'),(599,129,'zdc','获取角色列表','com.codez.boot.sys.controller.RoleController.findRoleList','[Role [id=null, roleName=null, roleLevel=null, resources=null, createTime=null, remarks=null, rank=null]]','123.53.37.237',7,'2018-11-28 11:53:09'),(600,129,'zdc','获取资源列表','com.codez.boot.sys.controller.ResourceController.findResourceList','[Resource [id=null, name=null, permission=null, icon=null, url=null, type=null, pid=null, remarks=null, rank=null]]','123.53.37.237',23,'2018-11-28 11:53:10'),(601,129,'zdc','获取字典列表','com.codez.boot.sys.controller.DictionaryController.findDictionaryList','[Dictionary [id=null, dname=null, dkey=null, dvalue=null, remarks=null]]','123.53.37.237',42,'2018-11-28 11:53:12'),(602,NULL,NULL,'用户登录','com.codez.boot.sys.controller.SysController.login','机密信息','111.113.3.66',11,'2018-11-28 11:53:21'),(603,129,'zdc','用户登录','com.codez.boot.sys.controller.SysController.login','机密信息','111.113.3.66',46,'2018-11-28 11:53:31'),(604,129,'zdc','用户登录','com.codez.boot.sys.controller.SysController.login','机密信息','101.80.90.6',42,'2018-11-28 11:53:34'),(605,NULL,NULL,'用户登录','com.codez.boot.sys.controller.SysController.login','机密信息','61.144.66.26',16,'2018-11-28 11:53:44'),(606,129,'zdc','获取用户列表','com.codez.boot.sys.controller.UserController.findUserList','[User [id=null, username=null, password=null, realname=null, sex=null, type=null, enabled=null, roleId=null, createTime=null, remarks=null, rank=null]]','101.80.90.6',30,'2018-11-28 11:53:48'),(607,NULL,NULL,'用户登录','com.codez.boot.sys.controller.SysController.login','机密信息','61.144.66.26',14,'2018-11-28 11:53:55'),(608,129,'zdc','获取用户列表','com.codez.boot.sys.controller.UserController.findUserList','[User [id=null, username=null, password=null, realname=null, sex=null, type=null, enabled=null, roleId=null, createTime=null, remarks=null, rank=null]]','112.112.72.64',14,'2018-11-28 11:53:56'),(609,129,'zdc','用户登录','com.codez.boot.sys.controller.SysController.login','机密信息','223.104.210.106',51,'2018-11-28 11:53:56'),(610,129,'zdc','获取角色列表','com.codez.boot.sys.controller.RoleController.findRoleList','[Role [id=null, roleName=null, roleLevel=null, resources=null, createTime=null, remarks=null, rank=null]]','112.112.72.64',15,'2018-11-28 11:54:03'),(611,129,'zdc','获取用户列表','com.codez.boot.sys.controller.UserController.findUserList','[User [id=null, username=null, password=null, realname=null, sex=null, type=null, enabled=null, roleId=null, createTime=null, remarks=null, rank=null]]','111.113.3.66',6,'2018-11-28 11:54:05'),(612,NULL,NULL,'用户登录','com.codez.boot.sys.controller.SysController.login','机密信息','61.129.6.145',0,'2018-11-28 11:54:05'),(613,129,'zdc','获取角色列表','com.codez.boot.sys.controller.RoleController.findRoleList','[Role [id=null, roleName=null, roleLevel=null, resources=null, createTime=null, remarks=null, rank=null]]','111.113.3.66',4,'2018-11-28 11:54:06'),(614,129,'zdc','获取用户列表','com.codez.boot.sys.controller.UserController.findUserList','[User [id=null, username=null, password=null, realname=null, sex=null, type=null, enabled=null, roleId=null, createTime=null, remarks=null, rank=null]]','223.104.210.106',4,'2018-11-28 11:54:08'),(615,129,'zdc','获取资源列表','com.codez.boot.sys.controller.ResourceController.findResourceList','[Resource [id=null, name=null, permission=null, icon=null, url=null, type=null, pid=null, remarks=null, rank=null]]','111.113.3.66',12,'2018-11-28 11:54:09'),(616,129,'zdc','获取字典列表','com.codez.boot.sys.controller.DictionaryController.findDictionaryList','[Dictionary [id=null, dname=null, dkey=null, dvalue=null, remarks=null]]','111.113.3.66',9,'2018-11-28 11:54:10'),(617,129,'zdc','获取资源列表','com.codez.boot.sys.controller.ResourceController.findResourceList','[Resource [id=null, name=null, permission=null, icon=null, url=null, type=null, pid=null, remarks=null, rank=null]]','101.80.90.6',17,'2018-11-28 11:54:23'),(618,129,'zdc','获取字典列表','com.codez.boot.sys.controller.DictionaryController.findDictionaryList','[Dictionary [id=null, dname=null, dkey=null, dvalue=null, remarks=null]]','101.80.90.6',40,'2018-11-28 11:54:27'),(619,NULL,NULL,'用户登录','com.codez.boot.sys.controller.SysController.login','机密信息','183.67.61.45',38,'2018-11-28 11:54:28'),(620,129,'zdc','用户登录','com.codez.boot.sys.controller.SysController.login','机密信息','183.67.61.45',31,'2018-11-28 11:54:38'),(621,129,'zdc','获取用户列表','com.codez.boot.sys.controller.UserController.findUserList','[User [id=null, username=null, password=null, realname=null, sex=null, type=null, enabled=null, roleId=null, createTime=null, remarks=null, rank=null]]','183.67.61.45',22,'2018-11-28 11:54:55'),(622,129,'zdc','获取资源列表','com.codez.boot.sys.controller.ResourceController.findResourceList','[Resource [id=null, name=null, permission=null, icon=null, url=null, type=null, pid=null, remarks=null, rank=null]]','183.67.61.45',5,'2018-11-28 11:55:03'),(623,129,'zdc','获取字典列表','com.codez.boot.sys.controller.DictionaryController.findDictionaryList','[Dictionary [id=null, dname=null, dkey=null, dvalue=null, remarks=null]]','183.67.61.45',5,'2018-11-28 11:55:08'),(624,129,'zdc','用户登录','com.codez.boot.sys.controller.SysController.login','机密信息','112.16.93.22',47,'2018-11-28 11:55:42'),(625,129,'zdc','用户登录','com.codez.boot.sys.controller.SysController.login','机密信息','220.172.50.128',43,'2018-11-28 11:55:45'),(626,129,'zdc','获取用户列表','com.codez.boot.sys.controller.UserController.findUserList','[User [id=null, username=null, password=null, realname=null, sex=null, type=null, enabled=null, roleId=null, createTime=null, remarks=null, rank=null]]','220.172.50.128',3,'2018-11-28 11:55:47'),(627,129,'zdc','获取用户列表','com.codez.boot.sys.controller.UserController.findUserList','[User [id=null, username=null, password=null, realname=null, sex=null, type=null, enabled=null, roleId=null, createTime=null, remarks=null, rank=null]]','112.16.93.22',19,'2018-11-28 11:55:47'),(628,129,'zdc','获取角色列表','com.codez.boot.sys.controller.RoleController.findRoleList','[Role [id=null, roleName=null, roleLevel=null, resources=null, createTime=null, remarks=null, rank=null]]','220.172.50.128',33,'2018-11-28 11:55:49'),(629,129,'zdc','获取资源列表','com.codez.boot.sys.controller.ResourceController.findResourceList','[Resource [id=null, name=null, permission=null, icon=null, url=null, type=null, pid=null, remarks=null, rank=null]]','220.172.50.128',8,'2018-11-28 11:55:49'),(630,129,'zdc','获取字典列表','com.codez.boot.sys.controller.DictionaryController.findDictionaryList','[Dictionary [id=null, dname=null, dkey=null, dvalue=null, remarks=null]]','220.172.50.128',5,'2018-11-28 11:55:53'),(631,129,'zdc','获取用户列表','com.codez.boot.sys.controller.UserController.findUserList','[User [id=null, username=null, password=null, realname=null, sex=null, type=null, enabled=null, roleId=null, createTime=null, remarks=null, rank=null]]','112.16.93.22',24,'2018-11-28 11:55:55'),(632,129,'zdc','修改定时任务状态','com.codez.boot.ucommon.controller.JobController.changeStatus','[1, 5]','112.16.93.22',58,'2018-11-28 11:56:18'),(633,129,'zdc','用户登录','com.codez.boot.sys.controller.SysController.login','机密信息','118.250.94.58',39,'2018-11-28 11:56:30'),(634,NULL,NULL,'用户登录','com.codez.boot.sys.controller.SysController.login','机密信息','113.116.146.203',9,'2018-11-28 11:56:36'),(635,NULL,NULL,'用户登录','com.codez.boot.sys.controller.SysController.login','机密信息','61.151.178.165',0,'2018-11-28 11:56:42'),(636,129,'zdc','用户登录','com.codez.boot.sys.controller.SysController.login','机密信息','113.116.146.203',37,'2018-11-28 11:56:46'),(637,129,'zdc','获取用户列表','com.codez.boot.sys.controller.UserController.findUserList','[User [id=null, username=null, password=null, realname=null, sex=null, type=null, enabled=null, roleId=null, createTime=null, remarks=null, rank=null]]','118.250.94.58',3,'2018-11-28 11:56:50'),(638,129,'zdc','修改定时任务状态','com.codez.boot.ucommon.controller.JobController.changeStatus','[0, 5]','220.172.50.128',45,'2018-11-28 11:57:04'),(639,129,'zdc','获取字典列表','com.codez.boot.sys.controller.DictionaryController.findDictionaryList','[Dictionary [id=null, dname=null, dkey=null, dvalue=null, remarks=null]]','118.250.94.58',16,'2018-11-28 11:57:07'),(640,129,'zdc','获取资源列表','com.codez.boot.sys.controller.ResourceController.findResourceList','[Resource [id=null, name=null, permission=null, icon=null, url=null, type=null, pid=null, remarks=null, rank=null]]','118.250.94.58',5,'2018-11-28 11:57:09'),(641,129,'zdc','获取角色列表','com.codez.boot.sys.controller.RoleController.findRoleList','[Role [id=null, roleName=null, roleLevel=null, resources=null, createTime=null, remarks=null, rank=null]]','118.250.94.58',10,'2018-11-28 11:57:14'),(642,NULL,NULL,'用户登录','com.codez.boot.sys.controller.SysController.login','机密信息','120.92.72.149',1,'2018-11-28 11:57:18'),(643,129,'zdc','获取用户列表','com.codez.boot.sys.controller.UserController.findUserList','[User [id=null, username=null, password=null, realname=null, sex=null, type=null, enabled=null, roleId=null, createTime=null, remarks=null, rank=null]]','113.116.146.203',25,'2018-11-28 11:57:39'),(644,129,'zdc','用户登录','com.codez.boot.sys.controller.SysController.login','机密信息','119.123.34.148',33,'2018-11-28 11:57:40'),(645,129,'zdc','获取角色列表','com.codez.boot.sys.controller.RoleController.findRoleList','[Role [id=null, roleName=null, roleLevel=null, resources=null, createTime=null, remarks=null, rank=null]]','113.116.146.203',22,'2018-11-28 11:57:40'),(646,129,'zdc','获取资源列表','com.codez.boot.sys.controller.ResourceController.findResourceList','[Resource [id=null, name=null, permission=null, icon=null, url=null, type=null, pid=null, remarks=null, rank=null]]','113.116.146.203',10,'2018-11-28 11:57:50'),(647,129,'zdc','获取用户列表','com.codez.boot.sys.controller.UserController.findUserList','[User [id=null, username=null, password=null, realname=null, sex=null, type=null, enabled=null, roleId=null, createTime=null, remarks=null, rank=null]]','119.123.34.148',13,'2018-11-28 11:58:09'),(648,129,'zdc','获取角色列表','com.codez.boot.sys.controller.RoleController.findRoleList','[Role [id=null, roleName=null, roleLevel=null, resources=null, createTime=null, remarks=null, rank=null]]','119.123.34.148',6,'2018-11-28 11:58:10'),(649,129,'zdc','获取资源列表','com.codez.boot.sys.controller.ResourceController.findResourceList','[Resource [id=null, name=null, permission=null, icon=null, url=null, type=null, pid=null, remarks=null, rank=null]]','119.123.34.148',4,'2018-11-28 11:58:11'),(650,129,'zdc','获取字典列表','com.codez.boot.sys.controller.DictionaryController.findDictionaryList','[Dictionary [id=null, dname=null, dkey=null, dvalue=null, remarks=null]]','119.123.34.148',5,'2018-11-28 11:58:12'),(651,129,'zdc','获取字典列表','com.codez.boot.sys.controller.DictionaryController.findDictionaryList','[Dictionary [id=null, dname=null, dkey=null, dvalue=null, remarks=null]]','113.116.146.203',6,'2018-11-28 11:59:18'),(652,129,'zdc','用户登录','com.codez.boot.sys.controller.SysController.login','机密信息','58.251.77.82',41,'2018-11-28 11:59:32'),(653,129,'zdc','获取用户列表','com.codez.boot.sys.controller.UserController.findUserList','[User [id=null, username=null, password=null, realname=null, sex=null, type=null, enabled=null, roleId=null, createTime=null, remarks=null, rank=null]]','58.251.77.82',16,'2018-11-28 12:00:01'),(654,129,'zdc','获取角色列表','com.codez.boot.sys.controller.RoleController.findRoleList','[Role [id=null, roleName=null, roleLevel=null, resources=null, createTime=null, remarks=null, rank=null]]','58.251.77.82',4,'2018-11-28 12:00:09'),(655,129,'zdc','获取资源列表','com.codez.boot.sys.controller.ResourceController.findResourceList','[Resource [id=null, name=null, permission=null, icon=null, url=null, type=null, pid=null, remarks=null, rank=null]]','58.251.77.82',4,'2018-11-28 12:00:15'),(656,129,'zdc','用户登录','com.codez.boot.sys.controller.SysController.login','机密信息','119.123.102.247',27,'2018-11-28 12:02:02'),(657,129,'zdc','获取用户列表','com.codez.boot.sys.controller.UserController.findUserList','[User [id=null, username=null, password=null, realname=null, sex=null, type=null, enabled=null, roleId=null, createTime=null, remarks=null, rank=null]]','119.123.102.247',3,'2018-11-28 12:02:35'),(658,129,'zdc','获取角色列表','com.codez.boot.sys.controller.RoleController.findRoleList','[Role [id=null, roleName=null, roleLevel=null, resources=null, createTime=null, remarks=null, rank=null]]','119.123.102.247',3,'2018-11-28 12:02:54'),(659,129,'zdc','用户登录','com.codez.boot.sys.controller.SysController.login','机密信息','111.121.65.106',22,'2018-11-28 12:03:08'),(660,129,'zdc','获取资源列表','com.codez.boot.sys.controller.ResourceController.findResourceList','[Resource [id=null, name=null, permission=null, icon=null, url=null, type=null, pid=null, remarks=null, rank=null]]','119.123.102.247',3,'2018-11-28 12:03:12'),(661,129,'zdc','获取字典列表','com.codez.boot.sys.controller.DictionaryController.findDictionaryList','[Dictionary [id=null, dname=null, dkey=null, dvalue=null, remarks=null]]','119.123.102.247',3,'2018-11-28 12:03:23'),(662,129,'zdc','修改定时任务状态','com.codez.boot.ucommon.controller.JobController.changeStatus','[0, 6]','220.172.50.128',42,'2018-11-28 12:03:24'),(663,129,'zdc','获取用户列表','com.codez.boot.sys.controller.UserController.findUserList','[User [id=null, username=null, password=null, realname=null, sex=null, type=null, enabled=null, roleId=null, createTime=null, remarks=null, rank=null]]','111.121.65.106',5,'2018-11-28 12:03:51'),(664,129,'zdc','修改定时任务状态','com.codez.boot.ucommon.controller.JobController.changeStatus','[1, 6]','220.172.50.128',39,'2018-11-28 12:03:51'),(665,129,'zdc','获取角色列表','com.codez.boot.sys.controller.RoleController.findRoleList','[Role [id=null, roleName=null, roleLevel=null, resources=null, createTime=null, remarks=null, rank=null]]','111.121.65.106',4,'2018-11-28 12:04:00'),(666,129,'zdc','修改定时任务状态','com.codez.boot.ucommon.controller.JobController.changeStatus','[0, 6]','220.172.50.128',42,'2018-11-28 12:04:01'),(667,129,'zdc','获取资源列表','com.codez.boot.sys.controller.ResourceController.findResourceList','[Resource [id=null, name=null, permission=null, icon=null, url=null, type=null, pid=null, remarks=null, rank=null]]','111.121.65.106',16,'2018-11-28 12:04:20'),(668,129,'zdc','修改定时任务状态','com.codez.boot.ucommon.controller.JobController.changeStatus','[1, 6]','220.172.50.128',58,'2018-11-28 12:04:28'),(669,129,'zdc','修改定时任务状态','com.codez.boot.ucommon.controller.JobController.changeStatus','[0, 6]','220.172.50.128',47,'2018-11-28 12:04:36'),(670,129,'zdc','修改定时任务状态','com.codez.boot.ucommon.controller.JobController.changeStatus','[1, 6]','220.172.50.128',47,'2018-11-28 12:05:13'),(671,129,'zdc','用户登录','com.codez.boot.sys.controller.SysController.login','机密信息','58.251.77.82',33,'2018-11-28 12:05:23'),(672,129,'zdc','获取用户列表','com.codez.boot.sys.controller.UserController.findUserList','[User [id=null, username=null, password=null, realname=null, sex=null, type=null, enabled=null, roleId=null, createTime=null, remarks=null, rank=null]]','58.251.77.82',3,'2018-11-28 12:05:28'),(673,129,'zdc','获取字典列表','com.codez.boot.sys.controller.DictionaryController.findDictionaryList','[Dictionary [id=null, dname=null, dkey=null, dvalue=null, remarks=null]]','58.251.77.82',4,'2018-11-28 12:05:31'),(674,129,'zdc','获取资源列表','com.codez.boot.sys.controller.ResourceController.findResourceList','[Resource [id=null, name=null, permission=null, icon=null, url=null, type=null, pid=null, remarks=null, rank=null]]','58.251.77.82',3,'2018-11-28 12:05:32'),(675,129,'zdc','获取角色列表','com.codez.boot.sys.controller.RoleController.findRoleList','[Role [id=null, roleName=null, roleLevel=null, resources=null, createTime=null, remarks=null, rank=null]]','58.251.77.82',2,'2018-11-28 12:05:33'),(676,129,'zdc','获取资源列表','com.codez.boot.sys.controller.ResourceController.findResourceList','[Resource [id=null, name=null, permission=null, icon=null, url=null, type=null, pid=null, remarks=null, rank=null]]','119.123.102.247',14,'2018-11-28 12:05:59'),(677,129,'zdc','获取用户列表','com.codez.boot.sys.controller.UserController.findUserList','[User [id=null, username=null, password=null, realname=null, sex=null, type=null, enabled=null, roleId=null, createTime=null, remarks=null, rank=null]]','119.123.102.247',3,'2018-11-28 12:06:09'),(678,129,'zdc','获取角色列表','com.codez.boot.sys.controller.RoleController.findRoleList','[Role [id=null, roleName=null, roleLevel=null, resources=null, createTime=null, remarks=null, rank=null]]','119.123.102.247',2,'2018-11-28 12:06:11'),(679,129,'zdc','修改定时任务状态','com.codez.boot.ucommon.controller.JobController.changeStatus','[1, 5]','220.172.50.128',52,'2018-11-28 12:06:15'),(680,129,'zdc','修改定时任务状态','com.codez.boot.ucommon.controller.JobController.changeStatus','[0, 5]','220.172.50.128',45,'2018-11-28 12:06:22'),(681,129,'zdc','获取字典列表','com.codez.boot.sys.controller.DictionaryController.findDictionaryList','[Dictionary [id=null, dname=null, dkey=null, dvalue=null, remarks=null]]','119.123.102.247',3,'2018-11-28 12:06:30'),(682,129,'zdc','保存字典','com.codez.boot.sys.controller.DictionaryController.saveDictionary','[Dictionary [id=16, dname=dsa, dkey=dsa, dvalue=, remarks=]]','220.172.50.128',36,'2018-11-28 12:06:50'),(683,129,'zdc','获取字典列表','com.codez.boot.sys.controller.DictionaryController.findDictionaryList','[Dictionary [id=null, dname=null, dkey=null, dvalue=null, remarks=null]]','220.172.50.128',16,'2018-11-28 12:06:50'),(684,129,'zdc','获取字典列表','com.codez.boot.sys.controller.DictionaryController.findDictionaryList','[Dictionary [id=null, dname=null, dkey=null, dvalue=null, remarks=null]]','220.172.50.128',9,'2018-11-28 12:06:53'),(685,129,'zdc','删除字典','com.codez.boot.sys.controller.DictionaryController.delDictionary','[[16]]','220.172.50.128',37,'2018-11-28 12:06:55'),(686,129,'zdc','获取字典列表','com.codez.boot.sys.controller.DictionaryController.findDictionaryList','[Dictionary [id=null, dname=null, dkey=null, dvalue=null, remarks=null]]','220.172.50.128',3,'2018-11-28 12:06:56'),(687,129,'zdc','获取用户列表','com.codez.boot.sys.controller.UserController.findUserList','[User [id=null, username=null, password=null, realname=null, sex=null, type=null, enabled=null, roleId=null, createTime=null, remarks=null, rank=null]]','111.121.65.106',5,'2018-11-28 12:07:13'),(688,129,'zdc','获取字典列表','com.codez.boot.sys.controller.DictionaryController.findDictionaryList','[Dictionary [id=null, dname=null, dkey=null, dvalue=null, remarks=null]]','111.121.65.106',10,'2018-11-28 12:07:15'),(689,129,'zdc','获取资源列表','com.codez.boot.sys.controller.ResourceController.findResourceList','[Resource [id=null, name=null, permission=null, icon=null, url=null, type=null, pid=null, remarks=null, rank=null]]','111.121.65.106',6,'2018-11-28 12:07:47'),(690,129,'zdc','获取角色列表','com.codez.boot.sys.controller.RoleController.findRoleList','[Role [id=null, roleName=null, roleLevel=null, resources=null, createTime=null, remarks=null, rank=null]]','111.121.65.106',3,'2018-11-28 12:08:51'),(691,129,'zdc','用户登录','com.codez.boot.sys.controller.SysController.login','机密信息','223.104.24.127',33,'2018-11-28 12:15:58'),(692,NULL,NULL,'用户登录','com.codez.boot.sys.controller.SysController.login','机密信息','180.163.220.4',0,'2018-11-28 12:16:21'),(693,129,'zdc','用户登录','com.codez.boot.sys.controller.SysController.login','机密信息','183.233.190.25',56,'2018-11-28 12:52:48'),(694,129,'zdc','获取用户列表','com.codez.boot.sys.controller.UserController.findUserList','[User [id=null, username=null, password=null, realname=null, sex=null, type=null, enabled=null, roleId=null, createTime=null, remarks=null, rank=null]]','183.233.190.25',3,'2018-11-28 12:52:59'),(695,129,'zdc','获取角色列表','com.codez.boot.sys.controller.RoleController.findRoleList','[Role [id=null, roleName=null, roleLevel=null, resources=null, createTime=null, remarks=null, rank=null]]','183.233.190.25',2,'2018-11-28 12:53:00'),(696,129,'zdc','获取资源列表','com.codez.boot.sys.controller.ResourceController.findResourceList','[Resource [id=null, name=null, permission=null, icon=null, url=null, type=null, pid=null, remarks=null, rank=null]]','183.233.190.25',5,'2018-11-28 12:53:03'),(697,129,'zdc','获取字典列表','com.codez.boot.sys.controller.DictionaryController.findDictionaryList','[Dictionary [id=null, dname=null, dkey=null, dvalue=null, remarks=null]]','183.233.190.25',3,'2018-11-28 12:53:04'),(698,129,'zdc','用户登录','com.codez.boot.sys.controller.SysController.login','机密信息','36.49.30.135',35,'2018-11-28 13:08:46'),(699,129,'zdc','获取用户列表','com.codez.boot.sys.controller.UserController.findUserList','[User [id=null, username=null, password=null, realname=null, sex=null, type=null, enabled=null, roleId=null, createTime=null, remarks=null, rank=null]]','36.49.30.135',4,'2018-11-28 13:09:56'),(700,129,'zdc','用户登录','com.codez.boot.sys.controller.SysController.login','机密信息','220.172.50.128',24,'2018-11-28 13:23:23'),(701,129,'zdc','获取用户列表','com.codez.boot.sys.controller.UserController.findUserList','[User [id=null, username=null, password=null, realname=null, sex=null, type=null, enabled=null, roleId=null, createTime=null, remarks=null, rank=null]]','220.172.50.128',8,'2018-11-28 13:24:24'),(702,129,'zdc','获取角色列表','com.codez.boot.sys.controller.RoleController.findRoleList','[Role [id=null, roleName=null, roleLevel=null, resources=null, createTime=null, remarks=null, rank=null]]','220.172.50.128',2,'2018-11-28 13:24:46'),(703,129,'zdc','获取角色列表','com.codez.boot.sys.controller.RoleController.findRoleList','[Role [id=null, roleName=null, roleLevel=null, resources=null, createTime=null, remarks=null, rank=null]]','220.172.50.128',13,'2018-11-28 13:25:09'),(704,129,'zdc','删除用户','com.codez.boot.sys.controller.UserController.delUser','[[133]]','220.172.50.128',33,'2018-11-28 13:26:00'),(705,129,'zdc','获取用户列表','com.codez.boot.sys.controller.UserController.findUserList','[User [id=null, username=null, password=null, realname=null, sex=null, type=null, enabled=null, roleId=null, createTime=null, remarks=null, rank=null]]','220.172.50.128',9,'2018-11-28 13:26:00'),(706,129,'zdc','用户登录','com.codez.boot.sys.controller.SysController.login','机密信息','220.172.50.128',23,'2018-11-28 14:04:35'),(707,129,'zdc','获取用户列表','com.codez.boot.sys.controller.UserController.findUserList','[User [id=null, username=null, password=null, realname=null, sex=null, type=null, enabled=null, roleId=null, createTime=null, remarks=null, rank=null]]','220.172.50.128',3,'2018-11-28 14:04:55'),(708,129,'zdc','获取资源列表','com.codez.boot.sys.controller.ResourceController.findResourceList','[Resource [id=null, name=null, permission=null, icon=null, url=null, type=null, pid=null, remarks=null, rank=null]]','220.172.50.128',10,'2018-11-28 14:04:59'),(709,129,'zdc','获取用户列表','com.codez.boot.sys.controller.UserController.findUserList','[User [id=null, username=null, password=null, realname=null, sex=null, type=null, enabled=null, roleId=null, createTime=null, remarks=null, rank=null]]','220.172.50.128',3,'2018-11-28 14:19:32'),(710,129,'zdc','获取角色列表','com.codez.boot.sys.controller.RoleController.findRoleList','[Role [id=null, roleName=null, roleLevel=null, resources=null, createTime=null, remarks=null, rank=null]]','220.172.50.128',2,'2018-11-28 14:22:50'),(711,129,'zdc','获取资源列表','com.codez.boot.sys.controller.ResourceController.findResourceList','[Resource [id=null, name=null, permission=null, icon=null, url=null, type=null, pid=null, remarks=null, rank=null]]','220.172.50.128',14,'2018-11-28 14:22:51'),(712,129,'zdc','用户登录','com.codez.boot.sys.controller.SysController.login','机密信息','1.204.202.29',163,'2018-11-30 11:08:14'),(713,129,'zdc','用户登录','com.codez.boot.sys.controller.SysController.login','机密信息','115.181.78.137',57,'2018-12-01 17:21:27'),(714,129,'zdc','获取资源列表','com.codez.boot.sys.controller.ResourceController.findResourceList','[Resource [id=null, name=null, permission=null, icon=null, url=null, type=null, pid=null, remarks=null, rank=null]]','115.181.78.9',6,'2018-12-01 17:21:30'),(715,129,'zdc','获取用户列表','com.codez.boot.sys.controller.UserController.findUserList','[User [id=null, username=null, password=null, realname=null, sex=null, type=null, enabled=null, roleId=null, createTime=null, remarks=null, rank=null]]','115.181.78.9',13,'2018-12-01 17:21:42'),(716,129,'zdc','获取角色列表','com.codez.boot.sys.controller.RoleController.findRoleList','[Role [id=null, roleName=null, roleLevel=null, resources=null, createTime=null, remarks=null, rank=null]]','115.181.78.9',15,'2018-12-01 17:21:43'),(717,129,'zdc','用户登录','com.codez.boot.sys.controller.SysController.login','机密信息','220.172.50.26',115,'2018-12-04 11:00:31'),(718,129,'zdc','获取用户列表','com.codez.boot.sys.controller.UserController.findUserList','[User [id=null, username=null, password=null, realname=null, sex=null, type=null, enabled=null, roleId=null, createTime=null, remarks=null, rank=null]]','220.172.50.26',10,'2018-12-04 11:00:33'),(719,129,'zdc','获取资源列表','com.codez.boot.sys.controller.ResourceController.findResourceList','[Resource [id=null, name=null, permission=null, icon=null, url=null, type=null, pid=null, remarks=null, rank=null]]','220.172.50.26',3,'2018-12-04 11:00:34'),(720,129,'zdc','获取字典列表','com.codez.boot.sys.controller.DictionaryController.findDictionaryList','[Dictionary [id=null, dname=null, dkey=null, dvalue=null, remarks=null]]','220.172.50.26',3,'2018-12-04 11:00:34'),(721,129,'zdc','用户登录','com.codez.boot.sys.controller.SysController.login','机密信息','220.172.50.26',38,'2018-12-04 11:03:05'),(722,129,'zdc','获取用户列表','com.codez.boot.sys.controller.UserController.findUserList','[User [id=null, username=null, password=null, realname=null, sex=null, type=null, enabled=null, roleId=null, createTime=null, remarks=null, rank=null]]','220.172.50.26',3,'2018-12-04 11:03:10'),(723,129,'zdc','获取角色列表','com.codez.boot.sys.controller.RoleController.findRoleList','[Role [id=null, roleName=null, roleLevel=null, resources=null, createTime=null, remarks=null, rank=null]]','220.172.50.26',2,'2018-12-04 11:03:11'),(724,129,'zdc','用户登录','com.codez.boot.sys.controller.SysController.login','机密信息','1.204.205.82',105,'2018-12-07 09:07:49'),(725,129,'zdc','用户登录','com.codez.boot.sys.controller.SysController.login','机密信息','223.104.95.200',119,'2018-12-07 18:16:59'),(726,129,'zdc','获取角色列表','com.codez.boot.sys.controller.RoleController.findRoleList','[Role [id=null, roleName=null, roleLevel=null, resources=null, createTime=null, remarks=null, rank=null]]','223.104.95.200',2,'2018-12-07 18:17:07'),(727,129,'zdc','获取用户列表','com.codez.boot.sys.controller.UserController.findUserList','[User [id=null, username=null, password=null, realname=null, sex=null, type=null, enabled=null, roleId=null, createTime=null, remarks=null, rank=null]]','223.104.95.200',3,'2018-12-07 18:17:15'),(728,129,'zdc','获取资源列表','com.codez.boot.sys.controller.ResourceController.findResourceList','[Resource [id=null, name=null, permission=null, icon=null, url=null, type=null, pid=null, remarks=null, rank=null]]','223.104.95.200',16,'2018-12-07 18:17:20'),(729,129,'zdc','用户登录','com.codez.boot.sys.controller.SysController.login','机密信息','218.201.251.73',92,'2018-12-11 14:44:23'),(730,129,'zdc','用户登录','com.codez.boot.sys.controller.SysController.login','机密信息','1.204.201.178',34,'2018-12-11 14:44:43'),(731,129,'zdc','获取用户列表','com.codez.boot.sys.controller.UserController.findUserList','[User [id=null, username=null, password=null, realname=null, sex=null, type=null, enabled=null, roleId=null, createTime=null, remarks=null, rank=null]]','1.204.201.178',3,'2018-12-11 14:44:49'),(732,129,'zdc','用户登录','com.codez.boot.sys.controller.SysController.login','机密信息','1.204.201.25',122,'2018-12-14 10:28:01'),(733,129,'zdc','用户登录','com.codez.boot.sys.controller.SysController.login','机密信息','1.204.200.50',149,'2018-12-17 09:51:19'),(734,129,'zdc','用户登录','com.codez.boot.sys.controller.SysController.login','机密信息','115.181.78.137',108,'2018-12-17 22:38:46'),(735,129,'zdc','获取用户列表','com.codez.boot.sys.controller.UserController.findUserList','[User [id=null, username=null, password=null, realname=null, sex=null, type=null, enabled=null, roleId=null, createTime=null, remarks=null, rank=null]]','115.181.78.137',14,'2018-12-17 22:38:50'),(736,129,'zdc','获取角色列表','com.codez.boot.sys.controller.RoleController.findRoleList','[Role [id=null, roleName=null, roleLevel=null, resources=null, createTime=null, remarks=null, rank=null]]','115.181.78.137',13,'2018-12-17 22:38:51'),(737,129,'zdc','用户登录','com.codez.boot.sys.controller.SysController.login','机密信息','220.172.52.187',115,'2018-12-18 17:33:42'),(738,129,'zdc','用户登录','com.codez.boot.sys.controller.SysController.login','机密信息','115.181.78.137',482,'2018-12-20 22:18:03'),(739,129,'zdc','获取用户列表','com.codez.boot.sys.controller.UserController.findUserList','[User [id=null, username=null, password=null, realname=null, sex=null, type=null, enabled=null, roleId=null, createTime=null, remarks=null, rank=null]]','115.181.78.137',35,'2018-12-20 22:18:14'),(740,129,'zdc','获取角色列表','com.codez.boot.sys.controller.RoleController.findRoleList','[Role [id=null, roleName=null, roleLevel=null, resources=null, createTime=null, remarks=null, rank=null]]','115.181.78.137',25,'2018-12-20 22:18:15'),(741,129,'zdc','用户登录','com.codez.boot.sys.controller.SysController.login','机密信息','220.172.54.38',186,'2018-12-24 15:24:44'),(742,129,'zdc','修改定时任务状态','com.codez.boot.ucommon.controller.JobController.changeStatus','[1, 5]','220.172.54.38',40,'2018-12-24 15:25:11'),(743,NULL,NULL,'用户登录','com.codez.boot.sys.controller.SysController.login','机密信息','220.172.54.38',42,'2018-12-24 16:39:39'),(744,129,'zdc','用户登录','com.codez.boot.sys.controller.SysController.login','机密信息','220.172.54.38',48,'2018-12-24 16:39:44'),(745,129,'zdc','用户登录','com.codez.boot.sys.controller.SysController.login','机密信息','220.172.54.38',131,'2018-12-25 17:33:40'),(746,129,'zdc','用户登录','com.codez.boot.sys.controller.SysController.login','机密信息','220.172.54.208',146,'2018-12-27 11:33:34'),(747,129,'zdc','获取用户列表','com.codez.boot.sys.controller.UserController.findUserList','[User [id=null, username=null, password=null, realname=null, sex=null, type=null, enabled=null, roleId=null, createTime=null, remarks=null, rank=null]]','220.172.54.208',26,'2018-12-27 11:33:36'),(748,129,'zdc','获取角色列表','com.codez.boot.sys.controller.RoleController.findRoleList','[Role [id=null, roleName=null, roleLevel=null, resources=null, createTime=null, remarks=null, rank=null]]','220.172.54.208',6,'2018-12-27 11:33:37'),(749,129,'zdc','获取资源列表','com.codez.boot.sys.controller.ResourceController.findResourceList','[Resource [id=null, name=null, permission=null, icon=null, url=null, type=null, pid=null, remarks=null, rank=null]]','220.172.54.208',201,'2018-12-27 11:33:37'),(750,129,'zdc','用户登录','com.codez.boot.sys.controller.SysController.login','机密信息','1.204.207.151',216,'2018-12-28 15:49:37'),(751,129,'zdc','获取角色列表','com.codez.boot.sys.controller.RoleController.findRoleList','[Role [id=null, roleName=null, roleLevel=null, resources=null, createTime=null, remarks=null, rank=null]]','1.204.207.151',31,'2018-12-28 15:49:55'),(752,129,'zdc','获取角色列表','com.codez.boot.sys.controller.RoleController.findRoleList','[Role [id=null, roleName=null, roleLevel=null, resources=null, createTime=null, remarks=null, rank=null]]','1.204.207.151',8,'2018-12-28 15:49:55'),(753,129,'zdc','获取角色列表','com.codez.boot.sys.controller.RoleController.findRoleList','[Role [id=null, roleName=null, roleLevel=null, resources=null, createTime=null, remarks=null, rank=null]]','1.204.207.151',9,'2018-12-28 15:49:56'),(754,129,'zdc','获取角色列表','com.codez.boot.sys.controller.RoleController.findRoleList','[Role [id=null, roleName=null, roleLevel=null, resources=null, createTime=null, remarks=null, rank=null]]','1.204.207.151',18,'2018-12-28 15:49:57'),(755,129,'zdc','获取角色列表','com.codez.boot.sys.controller.RoleController.findRoleList','[Role [id=null, roleName=null, roleLevel=null, resources=null, createTime=null, remarks=null, rank=null]]','1.204.207.151',7,'2018-12-28 15:49:57'),(756,129,'zdc','获取角色列表','com.codez.boot.sys.controller.RoleController.findRoleList','[Role [id=null, roleName=null, roleLevel=null, resources=null, createTime=null, remarks=null, rank=null]]','1.204.207.151',9,'2018-12-28 15:49:58'),(757,129,'zdc','获取角色列表','com.codez.boot.sys.controller.RoleController.findRoleList','[Role [id=null, roleName=null, roleLevel=null, resources=null, createTime=null, remarks=null, rank=null]]','1.204.207.151',10,'2018-12-28 15:49:58'),(758,129,'zdc','获取角色列表','com.codez.boot.sys.controller.RoleController.findRoleList','[Role [id=null, roleName=null, roleLevel=null, resources=null, createTime=null, remarks=null, rank=null]]','1.204.207.151',14,'2018-12-28 15:49:59'),(759,129,'zdc','获取角色列表','com.codez.boot.sys.controller.RoleController.findRoleList','[Role [id=null, roleName=null, roleLevel=null, resources=null, createTime=null, remarks=null, rank=null]]','1.204.207.151',8,'2018-12-28 15:50:00'),(760,129,'zdc','获取角色列表','com.codez.boot.sys.controller.RoleController.findRoleList','[Role [id=null, roleName=null, roleLevel=null, resources=null, createTime=null, remarks=null, rank=null]]','1.204.207.151',5,'2018-12-28 15:50:01'),(761,129,'zdc','获取角色列表','com.codez.boot.sys.controller.RoleController.findRoleList','[Role [id=null, roleName=null, roleLevel=null, resources=null, createTime=null, remarks=null, rank=null]]','1.204.207.151',9,'2018-12-28 15:50:01'),(762,129,'zdc','获取角色列表','com.codez.boot.sys.controller.RoleController.findRoleList','[Role [id=null, roleName=null, roleLevel=null, resources=null, createTime=null, remarks=null, rank=null]]','1.204.207.151',8,'2018-12-28 15:50:02'),(763,129,'zdc','获取角色列表','com.codez.boot.sys.controller.RoleController.findRoleList','[Role [id=null, roleName=null, roleLevel=null, resources=null, createTime=null, remarks=null, rank=null]]','1.204.207.151',14,'2018-12-28 15:50:02'),(764,129,'zdc','获取角色列表','com.codez.boot.sys.controller.RoleController.findRoleList','[Role [id=null, roleName=null, roleLevel=null, resources=null, createTime=null, remarks=null, rank=null]]','1.204.207.151',9,'2018-12-28 15:50:02'),(765,129,'zdc','获取角色列表','com.codez.boot.sys.controller.RoleController.findRoleList','[Role [id=null, roleName=null, roleLevel=null, resources=null, createTime=null, remarks=null, rank=null]]','1.204.207.151',9,'2018-12-28 15:50:03'),(766,129,'zdc','获取角色列表','com.codez.boot.sys.controller.RoleController.findRoleList','[Role [id=null, roleName=null, roleLevel=null, resources=null, createTime=null, remarks=null, rank=null]]','1.204.207.151',7,'2018-12-28 15:50:03'),(767,129,'zdc','获取角色列表','com.codez.boot.sys.controller.RoleController.findRoleList','[Role [id=null, roleName=null, roleLevel=null, resources=null, createTime=null, remarks=null, rank=null]]','1.204.207.151',7,'2018-12-28 15:50:03'),(768,129,'zdc','获取角色列表','com.codez.boot.sys.controller.RoleController.findRoleList','[Role [id=null, roleName=null, roleLevel=null, resources=null, createTime=null, remarks=null, rank=null]]','1.204.207.151',9,'2018-12-28 15:50:04'),(769,129,'zdc','获取角色列表','com.codez.boot.sys.controller.RoleController.findRoleList','[Role [id=null, roleName=null, roleLevel=null, resources=null, createTime=null, remarks=null, rank=null]]','1.204.207.151',21,'2018-12-28 15:50:05'),(770,129,'zdc','获取角色列表','com.codez.boot.sys.controller.RoleController.findRoleList','[Role [id=null, roleName=null, roleLevel=null, resources=null, createTime=null, remarks=null, rank=null]]','1.204.207.151',5,'2018-12-28 15:50:05'),(771,129,'zdc','获取角色列表','com.codez.boot.sys.controller.RoleController.findRoleList','[Role [id=null, roleName=null, roleLevel=null, resources=null, createTime=null, remarks=null, rank=null]]','1.204.207.151',24,'2018-12-28 15:50:05'),(772,129,'zdc','获取角色列表','com.codez.boot.sys.controller.RoleController.findRoleList','[Role [id=null, roleName=null, roleLevel=null, resources=null, createTime=null, remarks=null, rank=null]]','1.204.207.151',6,'2018-12-28 15:50:06'),(773,129,'zdc','获取角色列表','com.codez.boot.sys.controller.RoleController.findRoleList','[Role [id=null, roleName=null, roleLevel=null, resources=null, createTime=null, remarks=null, rank=null]]','1.204.207.151',8,'2018-12-28 15:50:06'),(774,129,'zdc','获取角色列表','com.codez.boot.sys.controller.RoleController.findRoleList','[Role [id=null, roleName=null, roleLevel=null, resources=null, createTime=null, remarks=null, rank=null]]','1.204.207.151',6,'2018-12-28 15:50:07'),(775,129,'zdc','获取角色列表','com.codez.boot.sys.controller.RoleController.findRoleList','[Role [id=null, roleName=null, roleLevel=null, resources=null, createTime=null, remarks=null, rank=null]]','1.204.207.151',23,'2018-12-28 15:50:07'),(776,129,'zdc','获取角色列表','com.codez.boot.sys.controller.RoleController.findRoleList','[Role [id=null, roleName=null, roleLevel=null, resources=null, createTime=null, remarks=null, rank=null]]','1.204.207.151',6,'2018-12-28 15:50:08'),(777,129,'zdc','获取角色列表','com.codez.boot.sys.controller.RoleController.findRoleList','[Role [id=null, roleName=null, roleLevel=null, resources=null, createTime=null, remarks=null, rank=null]]','1.204.207.151',13,'2018-12-28 15:50:08'),(778,129,'zdc','获取角色列表','com.codez.boot.sys.controller.RoleController.findRoleList','[Role [id=null, roleName=null, roleLevel=null, resources=null, createTime=null, remarks=null, rank=null]]','1.204.207.151',8,'2018-12-28 15:50:08'),(779,129,'zdc','获取角色列表','com.codez.boot.sys.controller.RoleController.findRoleList','[Role [id=null, roleName=null, roleLevel=null, resources=null, createTime=null, remarks=null, rank=null]]','1.204.207.151',9,'2018-12-28 15:50:09'),(780,129,'zdc','获取角色列表','com.codez.boot.sys.controller.RoleController.findRoleList','[Role [id=null, roleName=null, roleLevel=null, resources=null, createTime=null, remarks=null, rank=null]]','1.204.207.151',12,'2018-12-28 15:50:09'),(781,129,'zdc','获取角色列表','com.codez.boot.sys.controller.RoleController.findRoleList','[Role [id=null, roleName=null, roleLevel=null, resources=null, createTime=null, remarks=null, rank=null]]','1.204.207.151',6,'2018-12-28 15:50:10'),(782,129,'zdc','获取角色列表','com.codez.boot.sys.controller.RoleController.findRoleList','[Role [id=null, roleName=null, roleLevel=null, resources=null, createTime=null, remarks=null, rank=null]]','1.204.207.151',20,'2018-12-28 15:50:11'),(783,129,'zdc','获取角色列表','com.codez.boot.sys.controller.RoleController.findRoleList','[Role [id=null, roleName=null, roleLevel=null, resources=null, createTime=null, remarks=null, rank=null]]','1.204.207.151',8,'2018-12-28 15:50:14'),(784,129,'zdc','获取角色列表','com.codez.boot.sys.controller.RoleController.findRoleList','[Role [id=null, roleName=null, roleLevel=null, resources=null, createTime=null, remarks=null, rank=null]]','1.204.207.151',6,'2018-12-28 15:50:19'),(785,129,'zdc','获取角色列表','com.codez.boot.sys.controller.RoleController.findRoleList','[Role [id=null, roleName=null, roleLevel=null, resources=null, createTime=null, remarks=null, rank=null]]','1.204.207.151',6,'2018-12-28 15:50:19'),(786,129,'zdc','获取角色列表','com.codez.boot.sys.controller.RoleController.findRoleList','[Role [id=null, roleName=null, roleLevel=null, resources=null, createTime=null, remarks=null, rank=null]]','1.204.207.151',7,'2018-12-28 15:50:21'),(787,129,'zdc','获取角色列表','com.codez.boot.sys.controller.RoleController.findRoleList','[Role [id=null, roleName=null, roleLevel=null, resources=null, createTime=null, remarks=null, rank=null]]','1.204.207.151',5,'2018-12-28 15:50:22'),(788,129,'zdc','获取角色列表','com.codez.boot.sys.controller.RoleController.findRoleList','[Role [id=null, roleName=null, roleLevel=null, resources=null, createTime=null, remarks=null, rank=null]]','1.204.207.151',8,'2018-12-28 15:50:23'),(789,129,'zdc','获取角色列表','com.codez.boot.sys.controller.RoleController.findRoleList','[Role [id=null, roleName=null, roleLevel=null, resources=null, createTime=null, remarks=null, rank=null]]','1.204.207.151',9,'2018-12-28 15:50:29'),(790,129,'zdc','用户登录','com.codez.boot.sys.controller.SysController.login','机密信息','220.172.48.36',206,'2019-01-02 09:58:49'),(791,129,'zdc','获取用户列表','com.codez.boot.sys.controller.UserController.findUserList','[User [id=null, username=null, password=null, realname=null, sex=null, type=null, enabled=null, roleId=null, createTime=null, remarks=null, rank=null]]','220.172.48.36',47,'2019-01-02 09:58:55'),(792,129,'zdc','获取角色列表','com.codez.boot.sys.controller.RoleController.findRoleList','[Role [id=null, roleName=null, roleLevel=null, resources=null, createTime=null, remarks=null, rank=null]]','220.172.48.36',22,'2019-01-02 09:58:56'),(793,129,'zdc','获取资源列表','com.codez.boot.sys.controller.ResourceController.findResourceList','[Resource [id=null, name=null, permission=null, icon=null, url=null, type=null, pid=null, remarks=null, rank=null]]','220.172.48.36',78,'2019-01-02 09:58:57'),(794,129,'zdc','获取用户列表','com.codez.boot.sys.controller.UserController.findUserList','[User [id=null, username=null, password=null, realname=null, sex=null, type=null, enabled=null, roleId=null, createTime=null, remarks=null, rank=null]]','220.172.48.36',9,'2019-01-02 09:59:02'),(795,129,'zdc','获取用户列表','com.codez.boot.sys.controller.UserController.findUserList','[User [id=null, username=null, password=null, realname=null, sex=null, type=null, enabled=null, roleId=null, createTime=null, remarks=null, rank=null]]','220.172.48.36',24,'2019-01-02 09:59:03'),(796,129,'zdc','获取角色列表','com.codez.boot.sys.controller.RoleController.findRoleList','[Role [id=null, roleName=null, roleLevel=null, resources=null, createTime=null, remarks=null, rank=null]]','220.172.48.36',19,'2019-01-02 09:59:17'),(797,129,'zdc','获取用户列表','com.codez.boot.sys.controller.UserController.findUserList','[User [id=null, username=null, password=null, realname=null, sex=null, type=null, enabled=null, roleId=null, createTime=null, remarks=null, rank=null]]','220.172.48.36',8,'2019-01-02 09:59:17'),(798,129,'zdc','获取角色列表','com.codez.boot.sys.controller.RoleController.findRoleList','[Role [id=null, roleName=null, roleLevel=null, resources=null, createTime=null, remarks=null, rank=null]]','220.172.48.36',7,'2019-01-02 09:59:19'),(799,129,'zdc','用户登录','com.codez.boot.sys.controller.SysController.login','机密信息','220.172.48.36',65,'2019-01-02 10:02:28'),(800,129,'zdc','获取用户列表','com.codez.boot.sys.controller.UserController.findUserList','[User [id=null, username=null, password=null, realname=null, sex=null, type=null, enabled=null, roleId=null, createTime=null, remarks=null, rank=null]]','220.172.48.36',14,'2019-01-02 10:03:17'),(801,129,'zdc','获取角色列表','com.codez.boot.sys.controller.RoleController.findRoleList','[Role [id=null, roleName=null, roleLevel=null, resources=null, createTime=null, remarks=null, rank=null]]','220.172.48.36',9,'2019-01-02 10:03:18'),(802,129,'zdc','获取资源列表','com.codez.boot.sys.controller.ResourceController.findResourceList','[Resource [id=null, name=null, permission=null, icon=null, url=null, type=null, pid=null, remarks=null, rank=null]]','220.172.48.36',13,'2019-01-02 10:03:19'),(803,129,'zdc','用户登录','com.codez.boot.sys.controller.SysController.login','机密信息','1.204.201.196',138,'2019-01-03 09:12:33'),(804,129,'zdc','获取用户列表','com.codez.boot.sys.controller.UserController.findUserList','[User [id=null, username=null, password=null, realname=null, sex=null, type=null, enabled=null, roleId=null, createTime=null, remarks=null, rank=null]]','1.204.201.196',35,'2019-01-03 09:12:52'),(805,129,'zdc','获取角色列表','com.codez.boot.sys.controller.RoleController.findRoleList','[Role [id=null, roleName=null, roleLevel=null, resources=null, createTime=null, remarks=null, rank=null]]','1.204.201.196',25,'2019-01-03 09:12:58'),(806,129,'zdc','保存角色','com.codez.boot.sys.controller.RoleController.saveRole','[Role [id=null, roleName=23, roleLevel=423, resources=null, createTime=Thu Jan 03 09:13:07 CST 2019, remarks=, rank=423]]','1.204.201.196',147,'2019-01-03 09:13:07'),(807,129,'zdc','获取角色列表','com.codez.boot.sys.controller.RoleController.findRoleList','[Role [id=null, roleName=null, roleLevel=null, resources=null, createTime=null, remarks=null, rank=null]]','1.204.201.196',10,'2019-01-03 09:13:08'),(808,129,'zdc','保存角色','com.codez.boot.sys.controller.RoleController.saveRole','[Role [id=null, roleName=4321, roleLevel=431, resources=null, createTime=Thu Jan 03 09:13:15 CST 2019, remarks=, rank=14]]','1.204.201.196',24,'2019-01-03 09:13:15'),(809,129,'zdc','获取角色列表','com.codez.boot.sys.controller.RoleController.findRoleList','[Role [id=null, roleName=null, roleLevel=null, resources=null, createTime=null, remarks=null, rank=null]]','1.204.201.196',24,'2019-01-03 09:13:15'),(810,129,'zdc','保存角色','com.codez.boot.sys.controller.RoleController.saveRole','[Role [id=95, roleName=楼长, roleLevel=122, resources=null, createTime=Sun Oct 28 00:00:00 CST 2018, remarks=, rank=null]]','1.204.201.196',24,'2019-01-03 09:13:33'),(811,129,'zdc','获取角色列表','com.codez.boot.sys.controller.RoleController.findRoleList','[Role [id=null, roleName=null, roleLevel=null, resources=null, createTime=null, remarks=null, rank=null]]','1.204.201.196',5,'2019-01-03 09:13:33'),(812,129,'zdc','获取角色列表','com.codez.boot.sys.controller.RoleController.findRoleList','[Role [id=null, roleName=null, roleLevel=null, resources=null, createTime=null, remarks=null, rank=null]]','1.204.201.196',10,'2019-01-03 09:13:42'),(813,129,'zdc','保存角色','com.codez.boot.sys.controller.RoleController.saveRole','[Role [id=null, roleName=12321, roleLevel=312, resources=null, createTime=Thu Jan 03 09:13:47 CST 2019, remarks=, rank=11]]','1.204.201.196',22,'2019-01-03 09:13:48'),(814,129,'zdc','获取角色列表','com.codez.boot.sys.controller.RoleController.findRoleList','[Role [id=null, roleName=null, roleLevel=null, resources=null, createTime=null, remarks=null, rank=null]]','1.204.201.196',10,'2019-01-03 09:13:48'),(815,129,'zdc','保存角色','com.codez.boot.sys.controller.RoleController.saveRole','[Role [id=null, roleName=3432, roleLevel=432, resources=null, createTime=Thu Jan 03 09:14:19 CST 2019, remarks=, rank=1]]','1.204.201.196',11,'2019-01-03 09:14:20'),(816,129,'zdc','获取角色列表','com.codez.boot.sys.controller.RoleController.findRoleList','[Role [id=null, roleName=null, roleLevel=null, resources=null, createTime=null, remarks=null, rank=null]]','1.204.201.196',15,'2019-01-03 09:14:20'),(817,129,'zdc','保存角色','com.codez.boot.sys.controller.RoleController.saveRole','[Role [id=96, roleName=123, roleLevel=12, resources=null, createTime=Thu Jan 03 09:14:39 CST 2019, remarks=, rank=12]]','1.204.201.196',11,'2019-01-03 09:14:40'),(818,129,'zdc','获取角色列表','com.codez.boot.sys.controller.RoleController.findRoleList','[Role [id=null, roleName=null, roleLevel=null, resources=null, createTime=null, remarks=null, rank=null]]','1.204.201.196',11,'2019-01-03 09:14:40'),(819,129,'zdc','获取角色列表','com.codez.boot.sys.controller.RoleController.findRoleList','[Role [id=null, roleName=null, roleLevel=null, resources=null, createTime=null, remarks=null, rank=null]]','1.204.201.196',9,'2019-01-03 09:15:00'),(820,129,'zdc','保存角色','com.codez.boot.sys.controller.RoleController.saveRole','[Role [id=97, roleName=12, roleLevel=1, resources=null, createTime=Thu Jan 03 09:15:03 CST 2019, remarks=, rank=12]]','1.204.201.196',17,'2019-01-03 09:15:04'),(821,129,'zdc','获取角色列表','com.codez.boot.sys.controller.RoleController.findRoleList','[Role [id=null, roleName=null, roleLevel=null, resources=null, createTime=null, remarks=null, rank=null]]','1.204.201.196',11,'2019-01-03 09:15:04'),(822,129,'zdc','保存角色','com.codez.boot.sys.controller.RoleController.saveRole','[Role [id=null, roleName=ewq, roleLevel=12, resources=null, createTime=Thu Jan 03 09:15:50 CST 2019, remarks=, rank=123213]]','1.204.201.196',10,'2019-01-03 09:15:50'),(823,129,'zdc','获取角色列表','com.codez.boot.sys.controller.RoleController.findRoleList','[Role [id=null, roleName=null, roleLevel=null, resources=null, createTime=null, remarks=null, rank=null]]','1.204.201.196',7,'2019-01-03 09:15:50'),(824,129,'zdc','删除角色','com.codez.boot.sys.controller.RoleController.delRole','[[96]]','1.204.201.196',61,'2019-01-03 09:16:04'),(825,129,'zdc','获取角色列表','com.codez.boot.sys.controller.RoleController.findRoleList','[Role [id=null, roleName=null, roleLevel=null, resources=null, createTime=null, remarks=null, rank=null]]','1.204.201.196',21,'2019-01-03 09:16:04'),(826,129,'zdc','删除角色','com.codez.boot.sys.controller.RoleController.delRole','[[97]]','1.204.201.196',33,'2019-01-03 09:16:06'),(827,129,'zdc','获取角色列表','com.codez.boot.sys.controller.RoleController.findRoleList','[Role [id=null, roleName=null, roleLevel=null, resources=null, createTime=null, remarks=null, rank=null]]','1.204.201.196',6,'2019-01-03 09:16:06'),(828,129,'zdc','保存角色','com.codez.boot.sys.controller.RoleController.saveRole','[Role [id=null, roleName=123, roleLevel=12321, resources=null, createTime=Thu Jan 03 09:16:12 CST 2019, remarks=, rank=123]]','1.204.201.196',10,'2019-01-03 09:16:13'),(829,129,'zdc','获取角色列表','com.codez.boot.sys.controller.RoleController.findRoleList','[Role [id=null, roleName=null, roleLevel=null, resources=null, createTime=null, remarks=null, rank=null]]','1.204.201.196',10,'2019-01-03 09:16:13'),(830,129,'zdc','保存角色','com.codez.boot.sys.controller.RoleController.saveRole','[Role [id=98, roleName=123, roleLevel=123, resources=null, createTime=Thu Jan 03 09:16:27 CST 2019, remarks=, rank=21]]','1.204.201.196',14,'2019-01-03 09:16:27'),(831,129,'zdc','获取角色列表','com.codez.boot.sys.controller.RoleController.findRoleList','[Role [id=null, roleName=null, roleLevel=null, resources=null, createTime=null, remarks=null, rank=null]]','1.204.201.196',10,'2019-01-03 09:16:27'),(832,129,'zdc','保存角色','com.codez.boot.sys.controller.RoleController.saveRole','[Role [id=null, roleName=321, roleLevel=321321, resources=null, createTime=Thu Jan 03 09:16:33 CST 2019, remarks=, rank=12321]]','1.204.201.196',6,'2019-01-03 09:16:33'),(833,129,'zdc','获取角色列表','com.codez.boot.sys.controller.RoleController.findRoleList','[Role [id=null, roleName=null, roleLevel=null, resources=null, createTime=null, remarks=null, rank=null]]','1.204.201.196',4,'2019-01-03 09:16:33'),(834,129,'zdc','获取用户列表','com.codez.boot.sys.controller.UserController.findUserList','[User [id=null, username=null, password=null, realname=null, sex=null, type=null, enabled=null, roleId=null, createTime=null, remarks=null, rank=null]]','1.204.201.196',10,'2019-01-03 09:17:33'),(835,129,'zdc','获取角色列表','com.codez.boot.sys.controller.RoleController.findRoleList','[Role [id=null, roleName=null, roleLevel=null, resources=null, createTime=null, remarks=null, rank=null]]','1.204.201.196',9,'2019-01-03 09:17:34'),(836,129,'zdc','保存角色','com.codez.boot.sys.controller.RoleController.saveRole','[Role [id=99, roleName=1232, roleLevel=12, resources=null, createTime=Thu Jan 03 09:18:21 CST 2019, remarks=, rank=12]]','1.204.201.196',12,'2019-01-03 09:18:21'),(837,129,'zdc','获取角色列表','com.codez.boot.sys.controller.RoleController.findRoleList','[Role [id=null, roleName=null, roleLevel=null, resources=null, createTime=null, remarks=null, rank=null]]','1.204.201.196',9,'2019-01-03 09:18:21'),(838,129,'zdc','保存角色','com.codez.boot.sys.controller.RoleController.saveRole','[Role [id=null, roleName=qweewq, roleLevel=12, resources=null, createTime=Thu Jan 03 09:18:28 CST 2019, remarks=, rank=12112]]','1.204.201.196',7,'2019-01-03 09:18:29'),(839,129,'zdc','获取角色列表','com.codez.boot.sys.controller.RoleController.findRoleList','[Role [id=null, roleName=null, roleLevel=null, resources=null, createTime=null, remarks=null, rank=null]]','1.204.201.196',8,'2019-01-03 09:18:29'),(840,129,'zdc','获取角色列表','com.codez.boot.sys.controller.RoleController.findRoleList','[Role [id=null, roleName=null, roleLevel=null, resources=null, createTime=null, remarks=null, rank=null]]','1.204.201.196',3,'2019-01-03 09:18:37'),(841,129,'zdc','获取用户列表','com.codez.boot.sys.controller.UserController.findUserList','[User [id=null, username=null, password=null, realname=null, sex=null, type=null, enabled=null, roleId=null, createTime=null, remarks=null, rank=null]]','1.204.201.196',5,'2019-01-03 09:18:38'),(842,129,'zdc','删除角色','com.codez.boot.sys.controller.RoleController.delRole','[[98, 99]]','1.204.201.196',31,'2019-01-03 09:18:43'),(843,129,'zdc','获取角色列表','com.codez.boot.sys.controller.RoleController.findRoleList','[Role [id=null, roleName=null, roleLevel=null, resources=null, createTime=null, remarks=null, rank=null]]','1.204.201.196',7,'2019-01-03 09:18:43'),(844,129,'zdc','用户登录','com.codez.boot.sys.controller.SysController.login','机密信息','1.204.207.90',319,'2019-01-08 10:05:12'),(845,129,'zdc','获取用户列表','com.codez.boot.sys.controller.UserController.findUserList','[User [id=null, username=null, password=null, realname=null, sex=null, type=null, enabled=null, roleId=null, createTime=null, remarks=null, rank=null]]','1.204.207.90',10,'2019-01-08 10:05:14'),(846,129,'zdc','获取角色列表','com.codez.boot.sys.controller.RoleController.findRoleList','[Role [id=null, roleName=null, roleLevel=null, resources=null, createTime=null, remarks=null, rank=null]]','1.204.207.90',8,'2019-01-08 10:05:15'),(847,129,'zdc','获取资源列表','com.codez.boot.sys.controller.ResourceController.findResourceList','[Resource [id=null, name=null, permission=null, icon=null, url=null, type=null, pid=null, remarks=null, rank=null]]','1.204.207.90',287,'2019-01-08 10:05:15'),(848,129,'zdc','获取字典列表','com.codez.boot.sys.controller.DictionaryController.findDictionaryList','[Dictionary [id=null, dname=null, dkey=null, dvalue=null, remarks=null]]','1.204.207.90',18,'2019-01-08 10:05:16'),(849,NULL,NULL,'用户登录','com.codez.boot.sys.controller.SysController.login','机密信息','220.172.48.45',237,'2019-01-09 14:35:22'),(850,129,'zdc','用户登录','com.codez.boot.sys.controller.SysController.login','机密信息','220.172.48.45',44,'2019-01-09 14:35:24'),(851,129,'zdc','获取用户列表','com.codez.boot.sys.controller.UserController.findUserList','[User [id=null, username=null, password=null, realname=null, sex=null, type=null, enabled=null, roleId=null, createTime=null, remarks=null, rank=null]]','220.172.48.45',11,'2019-01-09 14:35:26'),(852,129,'zdc','获取资源列表','com.codez.boot.sys.controller.ResourceController.findResourceList','[Resource [id=null, name=null, permission=null, icon=null, url=null, type=null, pid=null, remarks=null, rank=null]]','220.172.48.45',12,'2019-01-09 14:35:29'),(853,129,'zdc','获取角色列表','com.codez.boot.sys.controller.RoleController.findRoleList','[Role [id=null, roleName=null, roleLevel=null, resources=null, createTime=null, remarks=null, rank=null]]','220.172.48.45',16,'2019-01-09 14:35:29'),(854,129,'zdc','获取角色列表','com.codez.boot.sys.controller.RoleController.findRoleList','[Role [id=null, roleName=null, roleLevel=null, resources=null, createTime=null, remarks=null, rank=null]]','220.172.48.45',7,'2019-01-09 14:35:31'),(855,129,'zdc','获取角色列表','com.codez.boot.sys.controller.RoleController.findRoleList','[Role [id=null, roleName=null, roleLevel=null, resources=null, createTime=null, remarks=null, rank=null]]','220.172.48.45',10,'2019-01-09 14:35:33'),(856,129,'zdc','获取角色列表','com.codez.boot.sys.controller.RoleController.findRoleList','[Role [id=null, roleName=null, roleLevel=null, resources=null, createTime=null, remarks=null, rank=null]]','220.172.48.45',11,'2019-01-09 14:35:35'),(857,129,'zdc','获取角色列表','com.codez.boot.sys.controller.RoleController.findRoleList','[Role [id=null, roleName=null, roleLevel=null, resources=null, createTime=null, remarks=null, rank=null]]','220.172.48.45',4,'2019-01-09 14:35:36'),(858,129,'zdc','获取角色列表','com.codez.boot.sys.controller.RoleController.findRoleList','[Role [id=null, roleName=null, roleLevel=null, resources=null, createTime=null, remarks=null, rank=null]]','220.172.48.45',4,'2019-01-09 14:35:38'),(859,129,'zdc','获取角色列表','com.codez.boot.sys.controller.RoleController.findRoleList','[Role [id=null, roleName=null, roleLevel=null, resources=null, createTime=null, remarks=null, rank=null]]','220.172.48.45',5,'2019-01-09 14:35:45');

/*Table structure for table `t_dictionary` */

DROP TABLE IF EXISTS `t_dictionary`;

CREATE TABLE `t_dictionary` (
  `id` int(11) NOT NULL AUTO_INCREMENT COMMENT 'ID',
  `dname` varchar(64) DEFAULT NULL COMMENT '名称',
  `dkey` varchar(64) DEFAULT NULL COMMENT '字典-键',
  `dvalue` varchar(64) DEFAULT NULL COMMENT '字典-值',
  `remarks` varchar(500) DEFAULT NULL COMMENT '备注',
  PRIMARY KEY (`id`)
) ENGINE=InnoDB AUTO_INCREMENT=17 DEFAULT CHARSET=utf8 COMMENT='字典';

/*Data for the table `t_dictionary` */

insert  into `t_dictionary`(`id`,`dname`,`dkey`,`dvalue`,`remarks`) values (1,'USER_SEX','1','男','性别'),(2,'USER_SEX','2','女','性别'),(3,'ROLE_TYPE','1','手机端','登陆类型'),(4,'ROLE_TYPE','2','PC端','登陆类型'),(6,'RESOURCE_TYPE','1','菜单',''),(7,'RESOURCE_TYPE','2','路径',''),(8,'USER_TYPE','1','PC端',''),(9,'USER_TYPE','2','IOS端',''),(10,'USER_TYPE','3','Adroid端',''),(11,'JOB_STATUS(未启用)','0','点击停止','0启动1停止状态'),(12,'JOB_STATUS(未启用)','1','点击启动','说明现在是停止'),(13,'JOB_TARGETCLASS(未启用)','com.codez.boot.ucommon.quartz.job.Job1','欢迎任务一','定时任务'),(14,'JOB_TARGETCLASS(未启用)','com.codez.boot.ucommon.quartz.job.Job2','欢迎任务2','定时任务'),(15,'JOB_TARGETCLASS(未启用)','com.codez.boot.ucommon.quartz.job.WelcomeJob','主页欢迎消息','');

/*Table structure for table `t_resource` */

DROP TABLE IF EXISTS `t_resource`;

CREATE TABLE `t_resource` (
  `id` int(11) NOT NULL AUTO_INCREMENT COMMENT 'ID',
  `name` varchar(26) DEFAULT NULL COMMENT '资源名称',
  `permission` varchar(26) DEFAULT NULL COMMENT '资源标识(暂时没用,url代替功能)',
  `icon` varchar(36) DEFAULT NULL COMMENT '菜单图标',
  `url` varchar(66) DEFAULT NULL COMMENT '路径',
  `type` tinyint(4) DEFAULT NULL COMMENT '类型(0菜单,1路径)',
  `pid` int(11) DEFAULT '0' COMMENT '父级id',
  `remarks` varchar(255) DEFAULT NULL COMMENT '备注',
  `rank` int(11) DEFAULT NULL COMMENT '排序号',
  PRIMARY KEY (`id`)
) ENGINE=InnoDB AUTO_INCREMENT=50 DEFAULT CHARSET=utf8 COMMENT='资源表(包括菜单和路径链接)';

/*Data for the table `t_resource` */

insert  into `t_resource`(`id`,`name`,`permission`,`icon`,`url`,`type`,`pid`,`remarks`,`rank`) values (7,'运维管理','','','..',1,0,'主要负责系统设置相关工作<br/>为用户分配角色,系统管理',2),(8,'用户管理','','','/page/sys/user',1,7,'',1),(9,'日志管理',NULL,'','',1,0,'',3),(10,'登录日志',NULL,'','/page/common/loginLog',1,9,'',0),(11,'访问日志','','','/page/common/mainLog',1,9,'',0),(12,'数据库日志','','','/druid/',1,9,'',0),(13,'系统资源','','','/page/sys/resource',1,7,'系统资源路径的管理,一般只有超级管理员才有相关权限',3),(15,'百度一下','','','http://www.baidu.com',1,0,'',1),(16,'物业管理','','','',1,0,'',4),(18,'角色管理',NULL,'','/page/sys/role',1,7,'',2),(23,'楼宇管理',NULL,'','/page/modoles/louyu',1,16,'',NULL),(24,'房间管理',NULL,'','/page/modules/house',1,16,'',NULL),(25,'主页',NULL,'','/home',2,0,'',0),(26,'阿里云',NULL,'','https://www.aliyun.com/',1,0,'',0),(27,'用户列表',NULL,'','/user/list',2,8,'',1),(28,'新增/编辑 用户',NULL,'','/user/save',2,8,'',2),(29,'系统工具',NULL,'','',1,0,'快速接口文档',99),(30,'Swagger接口文档',NULL,'','/swagger-ui.html',1,29,'',NULL),(31,'删除用户',NULL,'','/user/del',2,8,'',3),(32,'角色列表',NULL,'','/role/list',2,18,'',1),(33,'新增/编辑 角色',NULL,'','/role/save',2,18,'',2),(34,'删除角色',NULL,'','/role/del',2,18,'',3),(35,'获取角色权限',NULL,'','/role/getResourceTree',2,18,'',4),(36,'更新角色权限',NULL,'','/role/updateResources',2,18,'',5),(37,'资源列表',NULL,'','/resource/list',2,13,'',1),(38,'新增/编辑 资源',NULL,'','/resource/save',2,13,'',2),(39,'删除资源',NULL,'','/resource/del',2,13,'',3),(40,'万能字典',NULL,'','/page/sys/dictionary',1,7,'',4),(41,'字典列表',NULL,'','/dictionary/list',2,40,'',1),(42,'新增/编辑 字典',NULL,'','/dictionary/sava',2,40,'',2),(43,'删除字典',NULL,'','/dictionary/del',2,40,'',3),(44,'日志列表',NULL,'','/loginLog/list',2,10,'',1),(45,'删除日志',NULL,'','/loginLog/del',2,10,'',2),(46,'日志列表',NULL,'','/mainLog/list',2,11,'',1),(47,'删除日志',NULL,'','/mainLog/del',2,11,'',2),(48,'定时任务',NULL,'','/page/common/job',1,29,'',3),(49,'cron表达式生成',NULL,'','http://cron.qqe2.com/',1,29,'',NULL);

/*Table structure for table `t_role` */

DROP TABLE IF EXISTS `t_role`;

CREATE TABLE `t_role` (
  `id` int(11) NOT NULL AUTO_INCREMENT COMMENT 'ID',
  `role_name` varchar(32) DEFAULT NULL COMMENT '角色名称',
  `role_level` tinyint(4) DEFAULT NULL COMMENT '角色等级(分级授权系统)',
  `resources` varchar(500) DEFAULT NULL COMMENT '资源',
  `create_time` datetime DEFAULT NULL COMMENT '创建时间',
  `remarks` varchar(255) DEFAULT NULL COMMENT '备注',
  `rank` tinyint(4) DEFAULT NULL COMMENT '排序号',
  PRIMARY KEY (`id`)
) ENGINE=InnoDB AUTO_INCREMENT=100 DEFAULT CHARSET=utf8 COMMENT='角色';

/*Data for the table `t_role` */

insert  into `t_role`(`id`,`role_name`,`role_level`,`resources`,`create_time`,`remarks`,`rank`) values (73,'系统管理员',1,'0,25,26,15,7,8,27,18,32,13,37,40,41,9,10,44,11,46,12,16,23,24,29,30','2018-10-21 00:00:00','最高管理员\r\n  :  最高',11),(74,'管理员',10,'0,25,26,15,7,8,27,28,31,18,32,33,34,35,36,13,37,38,39,40,41,42,43,9,10,44,45,11,46,47,12,16,23,24,29,30,49,48','2018-10-21 00:00:00','物业公司管理',1),(95,'楼长',122,'0,25,26,15,16,23,24,29,30','2018-10-28 00:00:00','',NULL);

/*Table structure for table `t_role_resource` */

DROP TABLE IF EXISTS `t_role_resource`;

CREATE TABLE `t_role_resource` (
  `role_id` int(11) NOT NULL,
  `resource_id` int(11) NOT NULL
) ENGINE=InnoDB DEFAULT CHARSET=utf8;

/*Data for the table `t_role_resource` */

insert  into `t_role_resource`(`role_id`,`resource_id`) values (4,15),(3,15),(3,17),(3,9),(3,11),(3,12),(3,10),(3,7),(3,8),(3,13),(3,14),(3,16);

/*Table structure for table `t_user` */

DROP TABLE IF EXISTS `t_user`;

CREATE TABLE `t_user` (
  `id` int(11) NOT NULL AUTO_INCREMENT COMMENT 'ID',
  `username` varchar(32) DEFAULT NULL COMMENT '用户名',
  `password` char(32) DEFAULT '123' COMMENT '密码',
  `realname` varchar(32) DEFAULT NULL COMMENT '真实姓名',
  `sex` char(1) DEFAULT '男' COMMENT '性别',
  `type` char(1) DEFAULT NULL COMMENT '类型 1pc端 2ios 3android',
  `enabled` tinyint(4) DEFAULT '0' COMMENT '状态0不可用 1 可用',
  `role_id` int(11) DEFAULT NULL COMMENT '角色',
  `create_time` datetime DEFAULT NULL COMMENT '创建时间',
  `remarks` varchar(255) DEFAULT NULL COMMENT '备注',
  `rank` tinyint(4) DEFAULT NULL COMMENT '排序号',
  PRIMARY KEY (`id`)
) ENGINE=InnoDB AUTO_INCREMENT=134 DEFAULT CHARSET=utf8;

/*Data for the table `t_user` */

insert  into `t_user`(`id`,`username`,`password`,`realname`,`sex`,`type`,`enabled`,`role_id`,`create_time`,`remarks`,`rank`) values (129,'zdc','123','打撒','1','3',9,74,'2018-10-22 22:26:38','2111',NULL),(130,'adi','123','阿迪姐姐','2','1',0,73,'2018-10-29 21:48:05','阿迪姐姐测试21',NULL),(131,'郑德超',NULL,'zhengdechoa','1','0',0,0,'2018-10-29 22:03:29','',NULL);

/*!40101 SET SQL_MODE=@OLD_SQL_MODE */;
/*!40014 SET FOREIGN_KEY_CHECKS=@OLD_FOREIGN_KEY_CHECKS */;
/*!40014 SET UNIQUE_CHECKS=@OLD_UNIQUE_CHECKS */;
/*!40111 SET SQL_NOTES=@OLD_SQL_NOTES */;
